customer_id,age,tenure_months,monthly_spend,total_purchases,support_tickets,discount_usage_pct,contract_type,device_type,churn
CUST-1000,56,33,69.32,25,5,0.45,Two-Year,Desktop,1
CUST-1001,69,52,98.72,34,2,0.17,Month-to-Month,Desktop,1
CUST-1002,46,30,66.38,31,1,0.19,One-Year,Mobile,1
CUST-1003,32,39,89.36,35,0,0.45,Two-Year,Desktop,0
CUST-1004,60,27,121.63,25,0,0.27,Month-to-Month,Mobile,1
CUST-1005,25,36,111.7,28,1,0.07,Month-to-Month,Tablet,1
CUST-1006,38,29,78.03,17,2,0.18,One-Year,Mobile,1
CUST-1007,56,38,132.35,39,3,0.36,Month-to-Month,Desktop,1
CUST-1008,36,57,92.56,49,2,0.09,Month-to-Month,Tablet,0
CUST-1009,40,33,90.19,29,0,0.3,Two-Year,Mobile,0
CUST-1010,28,37,24.44,43,1,0.35,One-Year,Tablet,0
CUST-1011,28,27,148.27,22,1,0.17,Two-Year,Mobile,1
CUST-1012,41,55,35.99,50,2,0.35,Two-Year,Mobile,0
CUST-1013,53,33,50.05,38,1,0.44,Month-to-Month,Mobile,1
CUST-1014,57,4,26.72,4,4,0.24,Month-to-Month,Desktop,1
CUST-1015,41,22,103.2,16,1,0.19,Month-to-Month,Tablet,1
CUST-1016,20,2,49.21,6,1,0.13,Month-to-Month,Desktop,1
CUST-1017,39,10,43.4,10,0,0.3,One-Year,Desktop,1
CUST-1018,19,5,31.51,5,2,0.44,One-Year,Tablet,0
CUST-1019,41,59,33.43,58,0,0.16,Month-to-Month,Desktop,0
CUST-1020,61,10,96.01,10,1,0.2,Month-to-Month,Tablet,1
CUST-1021,47,33,109.47,32,1,0.2,Month-to-Month,Mobile,1
CUST-1022,55,54,71.66,54,2,0.28,Month-to-Month,Desktop,0
CUST-1023,19,38,82.39,35,2,0.11,Month-to-Month,Desktop,1
CUST-1024,38,13,109.18,15,1,0.41,Month-to-Month,Mobile,1
CUST-1025,50,31,22.26,25,0,0.15,One-Year,Mobile,0
CUST-1026,29,47,62.01,31,3,0.35,Month-to-Month,Tablet,1
CUST-1027,39,36,146.5,50,0,0.26,Month-to-Month,Tablet,1
CUST-1028,61,45,95.41,41,5,0.29,One-Year,Desktop,1
CUST-1029,42,24,53.05,22,1,0.09,Month-to-Month,Desktop,1
CUST-1030,66,52,87.82,44,1,0.37,One-Year,Tablet,0
CUST-1031,44,56,64.54,51,0,0.09,Month-to-Month,Mobile,0
CUST-1032,59,15,89.19,12,0,0.06,Month-to-Month,Desktop,0
CUST-1033,45,29,36.35,21,2,0.27,Month-to-Month,Mobile,1
CUST-1034,33,8,37.25,7,3,0.35,Two-Year,Tablet,0
CUST-1035,32,5,38.66,5,4,0.03,Month-to-Month,Mobile,1
CUST-1036,64,29,142.18,24,3,0.03,Two-Year,Desktop,1
CUST-1037,68,47,115.28,37,2,0.4,Month-to-Month,Mobile,1
CUST-1038,61,4,41.11,8,2,0.4,Month-to-Month,Mobile,1
CUST-1039,69,12,44.49,15,3,0.12,Month-to-Month,Tablet,0
CUST-1040,20,45,115.01,34,0,0.31,Month-to-Month,Tablet,0
CUST-1041,54,2,40.3,5,0,0.22,Month-to-Month,Mobile,0
CUST-1042,68,27,50.49,14,4,0.32,Month-to-Month,Mobile,1
CUST-1043,24,31,145.24,22,2,0.43,Month-to-Month,Tablet,1
CUST-1044,38,51,53.19,46,2,0.04,Month-to-Month,Desktop,0
CUST-1045,26,51,106.01,44,1,0.39,Month-to-Month,Desktop,0
CUST-1046,56,36,147.22,25,2,0.25,Month-to-Month,Tablet,1
CUST-1047,35,36,68.66,33,2,0.28,Month-to-Month,Desktop,1
CUST-1048,21,26,22.28,28,4,0.33,One-Year,Desktop,0
CUST-1049,42,43,51.74,37,1,0.46,Two-Year,Desktop,0
CUST-1050,31,27,128.01,18,1,0.03,Month-to-Month,Desktop,1
CUST-1051,67,5,132.4,9,1,0.01,Month-to-Month,Desktop,1
CUST-1052,26,20,119.91,14,0,0.09,Month-to-Month,Desktop,1
CUST-1053,43,11,34.7,10,0,0.49,Two-Year,Tablet,0
CUST-1054,19,10,123.42,13,0,0.36,Month-to-Month,Mobile,1
CUST-1055,37,40,139.43,39,2,0.31,One-Year,Mobile,0
CUST-1056,45,38,98.08,26,2,0.02,Month-to-Month,Desktop,1
CUST-1057,64,6,142.31,10,1,0.44,Month-to-Month,Mobile,1
CUST-1058,24,8,127.49,9,1,0.41,Month-to-Month,Mobile,1
CUST-1059,61,23,106.71,25,0,0.33,Month-to-Month,Mobile,1
CUST-1060,25,47,95.03,37,2,0.17,Two-Year,Desktop,0
CUST-1061,64,26,65.31,21,1,0.04,Month-to-Month,Desktop,0
CUST-1062,52,46,40.71,46,1,0.29,One-Year,Mobile,0
CUST-1063,31,43,98.64,33,1,0.36,One-Year,Mobile,1
CUST-1064,34,12,61.35,11,2,0.05,One-Year,Mobile,1
CUST-1065,53,26,132.64,29,4,0.32,Month-to-Month,Mobile,1
CUST-1066,67,13,149.13,16,1,0.14,Month-to-Month,Desktop,0
CUST-1067,57,40,117.82,32,0,0.38,Month-to-Month,Mobile,1
CUST-1068,21,18,31.76,20,3,0.27,Month-to-Month,Desktop,1
CUST-1069,19,25,57.53,27,1,0.06,One-Year,Mobile,1
CUST-1070,23,33,34.18,29,0,0.26,Month-to-Month,Tablet,0
CUST-1071,59,47,104.57,35,0,0.2,One-Year,Mobile,0
CUST-1072,21,40,119.47,32,2,0.09,Month-to-Month,Desktop,1
CUST-1073,46,43,140.34,51,1,0.42,Two-Year,Desktop,0
CUST-1074,35,12,76.96,12,5,0.01,Month-to-Month,Mobile,1
CUST-1075,43,44,137.18,40,2,0.16,Month-to-Month,Tablet,1
CUST-1076,61,36,134.13,15,2,0.01,Two-Year,Mobile,1
CUST-1077,51,48,61.24,39,0,0.05,Month-to-Month,Mobile,1
CUST-1078,27,4,132.96,9,2,0.15,Two-Year,Desktop,0
CUST-1079,53,5,68.84,7,3,0.03,Month-to-Month,Mobile,1
CUST-1080,31,56,58.59,51,3,0.3,Month-to-Month,Mobile,1
CUST-1081,48,37,104.38,30,2,0.04,One-Year,Tablet,0
CUST-1082,65,8,62.69,12,1,0.35,Two-Year,Desktop,0
CUST-1083,32,42,101.93,37,1,0.03,Month-to-Month,Mobile,0
CUST-1084,25,49,99.28,44,1,0.03,Two-Year,Desktop,0
CUST-1085,31,28,93.25,21,1,0.15,One-Year,Mobile,1
CUST-1086,40,31,69.45,26,1,0.45,Two-Year,Mobile,0
CUST-1087,57,58,91.3,56,2,0.32,Month-to-Month,Desktop,1
CUST-1088,38,9,97.54,11,5,0.39,Month-to-Month,Desktop,1
CUST-1089,33,54,90.94,47,1,0.07,Two-Year,Mobile,0
CUST-1090,62,51,77.77,40,1,0.42,Two-Year,Mobile,0
CUST-1091,35,29,21.91,20,2,0.0,Month-to-Month,Desktop,1
CUST-1092,64,14,96.32,18,1,0.11,Month-to-Month,Desktop,1
CUST-1093,41,40,41.9,28,0,0.31,Month-to-Month,Mobile,1
CUST-1094,43,41,103.53,39,3,0.19,One-Year,Tablet,1
CUST-1095,42,22,118.71,18,3,0.49,Month-to-Month,Desktop,1
CUST-1096,62,11,85.06,14,5,0.02,Month-to-Month,Mobile,1
CUST-1097,58,23,90.51,17,2,0.5,Month-to-Month,Desktop,1
CUST-1098,46,1,143.69,3,0,0.31,One-Year,Desktop,1
CUST-1099,32,46,130.13,44,1,0.28,Month-to-Month,Desktop,0
CUST-1100,62,37,138.85,25,3,0.03,Month-to-Month,Tablet,1
CUST-1101,18,21,125.79,18,4,0.14,One-Year,Desktop,1
CUST-1102,42,26,34.16,23,4,0.46,One-Year,Mobile,1
CUST-1103,24,46,39.37,41,2,0.18,Month-to-Month,Mobile,0
CUST-1104,26,36,88.46,33,1,0.33,Month-to-Month,Tablet,1
CUST-1105,41,54,51.99,46,1,0.5,One-Year,Mobile,0
CUST-1106,18,23,81.97,23,1,0.13,Two-Year,Mobile,0
CUST-1107,61,57,71.27,40,0,0.29,One-Year,Tablet,0
CUST-1108,25,1,91.42,2,2,0.35,Two-Year,Mobile,1
CUST-1109,41,54,117.09,36,2,0.08,One-Year,Mobile,1
CUST-1110,28,55,113.01,43,0,0.07,One-Year,Desktop,0
CUST-1111,68,51,87.76,28,1,0.23,Month-to-Month,Desktop,1
CUST-1112,34,40,126.91,29,2,0.19,Month-to-Month,Mobile,1
CUST-1113,25,15,76.01,9,2,0.36,Month-to-Month,Desktop,0
CUST-1114,52,21,136.57,22,3,0.03,Month-to-Month,Desktop,1
CUST-1115,52,47,29.27,38,2,0.49,Month-to-Month,Mobile,0
CUST-1116,50,9,144.11,7,4,0.01,Month-to-Month,Desktop,1
CUST-1117,22,53,105.11,51,2,0.3,One-Year,Mobile,0
CUST-1118,59,9,69.41,10,1,0.28,Month-to-Month,Desktop,0
CUST-1119,56,10,45.63,17,0,0.07,Month-to-Month,Tablet,1
CUST-1120,58,52,82.29,47,2,0.08,Two-Year,Tablet,0
CUST-1121,45,57,45.29,44,2,0.4,Month-to-Month,Tablet,0
CUST-1122,24,53,41.62,44,3,0.44,Month-to-Month,Desktop,1
CUST-1123,26,26,100.26,20,1,0.14,Month-to-Month,Mobile,1
CUST-1124,25,41,88.0,37,2,0.22,Two-Year,Tablet,0
CUST-1125,29,35,107.11,24,3,0.18,Month-to-Month,Tablet,1
CUST-1126,51,52,140.85,37,0,0.04,One-Year,Mobile,0
CUST-1127,50,25,89.19,31,1,0.34,Month-to-Month,Desktop,0
CUST-1128,65,26,95.52,29,3,0.41,Month-to-Month,Mobile,1
CUST-1129,40,11,31.65,8,1,0.15,Month-to-Month,Mobile,1
CUST-1130,41,38,113.29,23,1,0.5,One-Year,Desktop,0
CUST-1131,54,2,71.99,2,4,0.04,Two-Year,Mobile,1
CUST-1132,52,7,146.97,12,0,0.33,One-Year,Mobile,1
CUST-1133,61,18,127.01,10,2,0.22,One-Year,Mobile,1
CUST-1134,57,27,87.92,19,4,0.22,Month-to-Month,Mobile,1
CUST-1135,39,34,36.02,24,2,0.23,One-Year,Mobile,1
CUST-1136,44,27,131.72,15,2,0.13,Month-to-Month,Tablet,1
CUST-1137,52,17,123.97,16,2,0.36,One-Year,Mobile,1
CUST-1138,18,43,44.0,39,1,0.36,Month-to-Month,Mobile,0
CUST-1139,52,59,58.39,53,1,0.14,Month-to-Month,Mobile,0
CUST-1140,54,44,123.14,39,2,0.42,Month-to-Month,Mobile,1
CUST-1141,64,59,44.08,62,1,0.16,Month-to-Month,Mobile,0
CUST-1142,31,51,139.31,41,2,0.36,Month-to-Month,Mobile,1
CUST-1143,20,54,75.19,44,0,0.06,One-Year,Mobile,1
CUST-1144,18,24,31.32,22,0,0.08,Month-to-Month,Mobile,1
CUST-1145,22,25,126.05,25,2,0.16,Month-to-Month,Desktop,1
CUST-1146,43,7,68.56,6,3,0.3,One-Year,Desktop,1
CUST-1147,31,52,88.44,36,0,0.32,Month-to-Month,Desktop,1
CUST-1148,56,6,34.6,4,3,0.2,One-Year,Tablet,1
CUST-1149,44,53,20.34,50,2,0.04,One-Year,Desktop,0
CUST-1150,26,24,102.94,19,3,0.19,Two-Year,Desktop,1
CUST-1151,32,33,86.97,30,1,0.34,One-Year,Desktop,0
CUST-1152,32,49,97.16,54,2,0.34,Month-to-Month,Mobile,1
CUST-1153,43,29,123.19,35,0,0.08,Month-to-Month,Desktop,0
CUST-1154,59,43,104.06,41,2,0.0,Month-to-Month,Mobile,0
CUST-1155,30,22,42.72,23,1,0.38,Two-Year,Desktop,0
CUST-1156,68,26,66.9,25,0,0.05,Month-to-Month,Mobile,0
CUST-1157,49,28,137.77,28,3,0.04,Month-to-Month,Tablet,1
CUST-1158,56,50,120.09,51,1,0.0,Month-to-Month,Tablet,1
CUST-1159,66,21,92.36,23,2,0.22,Two-Year,Desktop,1
CUST-1160,69,49,53.23,36,1,0.25,Month-to-Month,Mobile,0
CUST-1161,49,7,59.27,7,0,0.32,Two-Year,Mobile,0
CUST-1162,21,17,115.15,14,0,0.15,Month-to-Month,Desktop,1
CUST-1163,47,20,130.65,16,1,0.36,Month-to-Month,Desktop,0
CUST-1164,54,41,107.29,29,2,0.08,Month-to-Month,Desktop,0
CUST-1165,40,49,125.24,43,1,0.42,Two-Year,Mobile,0
CUST-1166,56,20,119.67,16,1,0.29,Two-Year,Desktop,0
CUST-1167,62,54,39.46,43,1,0.29,Month-to-Month,Mobile,1
CUST-1168,32,22,75.11,17,0,0.1,Month-to-Month,Mobile,1
CUST-1169,60,28,39.89,23,0,0.04,One-Year,Mobile,1
CUST-1170,46,40,50.58,30,0,0.23,Month-to-Month,Mobile,0
CUST-1171,53,49,133.0,40,1,0.31,Month-to-Month,Mobile,1
CUST-1172,30,7,81.48,11,3,0.05,Month-to-Month,Mobile,1
CUST-1173,49,1,89.6,2,1,0.48,Month-to-Month,Mobile,1
CUST-1174,24,32,43.2,26,2,0.49,Month-to-Month,Desktop,0
CUST-1175,68,13,60.6,16,3,0.27,Month-to-Month,Desktop,1
CUST-1176,39,30,49.93,21,0,0.48,Month-to-Month,Tablet,1
CUST-1177,45,23,46.8,19,1,0.09,Two-Year,Tablet,1
CUST-1178,19,51,102.93,38,2,0.01,Month-to-Month,Mobile,1
CUST-1179,59,59,53.39,62,2,0.02,One-Year,Desktop,0
CUST-1180,62,56,102.16,47,5,0.29,Month-to-Month,Desktop,0
CUST-1181,23,19,27.6,16,4,0.03,One-Year,Desktop,1
CUST-1182,45,32,38.43,27,2,0.48,Month-to-Month,Tablet,1
CUST-1183,45,30,55.69,22,1,0.07,One-Year,Mobile,0
CUST-1184,61,29,97.62,31,0,0.15,Month-to-Month,Tablet,1
CUST-1185,61,49,107.86,44,2,0.41,Two-Year,Mobile,0
CUST-1186,37,45,77.55,34,2,0.11,Month-to-Month,Desktop,0
CUST-1187,47,29,77.95,22,3,0.12,Month-to-Month,Desktop,1
CUST-1188,28,30,114.19,24,1,0.32,Two-Year,Desktop,0
CUST-1189,45,16,22.06,13,1,0.14,One-Year,Mobile,1
CUST-1190,42,40,64.34,32,1,0.11,Month-to-Month,Desktop,0
CUST-1191,56,19,126.43,14,2,0.13,Two-Year,Mobile,0
CUST-1192,50,18,98.42,15,0,0.25,Month-to-Month,Mobile,1
CUST-1193,18,1,63.84,3,1,0.48,Month-to-Month,Desktop,1
CUST-1194,44,14,137.72,18,0,0.42,Two-Year,Desktop,1
CUST-1195,69,51,120.44,49,2,0.14,Month-to-Month,Desktop,1
CUST-1196,30,47,54.44,40,1,0.18,Two-Year,Mobile,0
CUST-1197,58,50,103.89,40,4,0.23,Month-to-Month,Mobile,1
CUST-1198,20,2,97.45,4,1,0.49,One-Year,Desktop,0
CUST-1199,56,54,72.15,39,0,0.09,Month-to-Month,Tablet,0
CUST-1200,23,28,67.7,19,1,0.18,Two-Year,Mobile,1
CUST-1201,25,49,64.66,37,2,0.36,One-Year,Mobile,1
CUST-1202,44,50,100.23,47,0,0.48,Month-to-Month,Mobile,0
CUST-1203,26,30,77.51,29,0,0.08,One-Year,Mobile,0
CUST-1204,54,38,128.14,37,2,0.11,Month-to-Month,Mobile,1
CUST-1205,50,51,107.05,39,5,0.11,One-Year,Desktop,1
CUST-1206,68,4,29.09,4,0,0.01,Two-Year,Desktop,0
CUST-1207,59,1,103.22,4,0,0.3,Month-to-Month,Mobile,1
CUST-1208,61,8,55.25,18,0,0.34,One-Year,Mobile,0
CUST-1209,41,29,97.07,18,3,0.3,Month-to-Month,Mobile,1
CUST-1210,32,55,108.42,47,4,0.04,Month-to-Month,Tablet,1
CUST-1211,49,39,50.01,39,3,0.03,Month-to-Month,Tablet,1
CUST-1212,49,3,79.39,1,0,0.11,One-Year,Desktop,1
CUST-1213,41,32,44.74,26,1,0.15,Month-to-Month,Desktop,1
CUST-1214,58,10,26.8,7,3,0.39,One-Year,Desktop,0
CUST-1215,69,10,69.2,10,2,0.08,Month-to-Month,Mobile,1
CUST-1216,66,19,67.18,17,1,0.02,One-Year,Desktop,0
CUST-1217,66,46,149.41,52,1,0.2,Month-to-Month,Desktop,1
CUST-1218,69,34,78.03,28,3,0.21,Two-Year,Desktop,0
CUST-1219,29,33,63.36,32,1,0.23,Month-to-Month,Desktop,1
CUST-1220,56,23,95.46,23,2,0.41,Month-to-Month,Desktop,1
CUST-1221,19,55,31.54,43,2,0.05,Month-to-Month,Desktop,1
CUST-1222,20,28,145.02,22,2,0.35,One-Year,Mobile,0
CUST-1223,66,32,102.54,26,0,0.17,Month-to-Month,Desktop,1
CUST-1224,54,50,118.13,49,4,0.15,One-Year,Desktop,1
CUST-1225,66,7,42.16,3,1,0.47,Month-to-Month,Mobile,1
CUST-1226,34,29,73.23,26,1,0.12,One-Year,Mobile,0
CUST-1227,66,8,74.95,6,0,0.32,Month-to-Month,Desktop,1
CUST-1228,19,1,126.83,4,2,0.14,Month-to-Month,Desktop,1
CUST-1229,19,57,20.16,40,0,0.25,Month-to-Month,Mobile,0
CUST-1230,45,55,59.11,48,1,0.39,Month-to-Month,Desktop,0
CUST-1231,40,3,147.56,7,2,0.44,Month-to-Month,Desktop,1
CUST-1232,54,24,81.74,22,1,0.42,Two-Year,Desktop,0
CUST-1233,49,23,69.73,22,0,0.29,Two-Year,Desktop,0
CUST-1234,50,59,35.58,58,2,0.12,One-Year,Mobile,0
CUST-1235,18,8,146.64,12,0,0.33,Month-to-Month,Tablet,1
CUST-1236,36,54,22.6,46,0,0.35,Month-to-Month,Mobile,0
CUST-1237,19,57,115.83,47,2,0.01,One-Year,Mobile,0
CUST-1238,61,47,119.92,42,1,0.22,Month-to-Month,Desktop,0
CUST-1239,43,37,51.68,21,3,0.42,Two-Year,Mobile,0
CUST-1240,49,3,107.3,7,3,0.24,Month-to-Month,Desktop,1
CUST-1241,23,51,32.08,42,0,0.16,Two-Year,Desktop,0
CUST-1242,49,33,53.42,27,0,0.44,Month-to-Month,Mobile,1
CUST-1243,21,28,122.43,30,2,0.08,One-Year,Tablet,0
CUST-1244,28,47,132.41,47,4,0.1,Month-to-Month,Desktop,1
CUST-1245,34,8,99.1,14,1,0.34,Two-Year,Mobile,1
CUST-1246,55,34,85.89,32,3,0.18,Month-to-Month,Desktop,1
CUST-1247,41,35,40.71,29,0,0.36,One-Year,Desktop,0
CUST-1248,22,32,28.2,24,3,0.08,Two-Year,Desktop,0
CUST-1249,69,24,35.29,27,2,0.13,Month-to-Month,Mobile,1
CUST-1250,51,14,49.56,11,2,0.08,Month-to-Month,Mobile,0
CUST-1251,23,32,64.42,31,4,0.48,Month-to-Month,Mobile,1
CUST-1252,39,56,69.52,38,1,0.2,Month-to-Month,Desktop,0
CUST-1253,28,46,65.02,37,3,0.17,Month-to-Month,Desktop,1
CUST-1254,65,43,51.08,34,0,0.01,Month-to-Month,Mobile,1
CUST-1255,33,16,86.26,16,1,0.08,Month-to-Month,Desktop,0
CUST-1256,50,4,127.29,6,1,0.21,One-Year,Desktop,1
CUST-1257,26,52,56.36,46,2,0.03,One-Year,Tablet,0
CUST-1258,23,37,142.51,31,1,0.26,Month-to-Month,Mobile,1
CUST-1259,33,54,133.53,45,0,0.23,Two-Year,Desktop,0
CUST-1260,46,21,41.03,18,2,0.38,Two-Year,Desktop,1
CUST-1261,20,14,122.22,17,3,0.33,Month-to-Month,Desktop,1
CUST-1262,37,31,94.7,33,1,0.22,Month-to-Month,Mobile,1
CUST-1263,53,55,93.65,58,3,0.11,Month-to-Month,Mobile,1
CUST-1264,36,48,70.84,27,1,0.36,One-Year,Mobile,0
CUST-1265,43,18,85.15,30,1,0.35,One-Year,Desktop,1
CUST-1266,20,7,71.63,7,5,0.08,Month-to-Month,Desktop,1
CUST-1267,36,10,90.17,17,2,0.46,One-Year,Tablet,1
CUST-1268,37,7,101.63,5,0,0.03,Month-to-Month,Tablet,0
CUST-1269,49,33,107.66,37,3,0.03,Month-to-Month,Mobile,1
CUST-1270,24,23,89.22,21,0,0.09,One-Year,Desktop,1
CUST-1271,69,21,113.78,21,1,0.45,One-Year,Mobile,1
CUST-1272,58,19,38.37,20,0,0.26,Month-to-Month,Tablet,1
CUST-1273,50,48,47.56,42,3,0.39,Month-to-Month,Mobile,1
CUST-1274,57,19,126.44,9,1,0.11,Two-Year,Mobile,1
CUST-1275,56,36,61.93,40,1,0.25,One-Year,Desktop,0
CUST-1276,35,29,22.98,21,3,0.18,One-Year,Desktop,0
CUST-1277,57,18,39.99,18,2,0.41,Month-to-Month,Desktop,1
CUST-1278,18,2,49.07,5,2,0.01,Month-to-Month,Tablet,1
CUST-1279,28,1,144.45,1,2,0.12,Month-to-Month,Mobile,1
CUST-1280,45,47,94.5,43,2,0.08,Month-to-Month,Mobile,0
CUST-1281,42,5,141.25,7,2,0.43,One-Year,Desktop,1
CUST-1282,67,20,94.77,24,1,0.23,Month-to-Month,Tablet,1
CUST-1283,40,11,82.32,11,1,0.2,Month-to-Month,Mobile,0
CUST-1284,48,42,60.78,34,0,0.22,Month-to-Month,Desktop,0
CUST-1285,47,2,98.83,1,0,0.49,Month-to-Month,Tablet,1
CUST-1286,59,3,38.1,5,2,0.43,Two-Year,Desktop,0
CUST-1287,52,23,136.77,14,0,0.35,One-Year,Desktop,1
CUST-1288,24,55,127.81,38,1,0.15,Month-to-Month,Desktop,1
CUST-1289,33,12,61.28,13,1,0.08,One-Year,Tablet,0
CUST-1290,43,20,143.86,16,2,0.46,One-Year,Tablet,1
CUST-1291,65,5,127.28,7,2,0.21,One-Year,Desktop,1
CUST-1292,69,37,106.62,23,2,0.14,Month-to-Month,Mobile,1
CUST-1293,66,38,35.83,36,0,0.24,Month-to-Month,Mobile,0
CUST-1294,19,30,82.17,20,1,0.46,Month-to-Month,Mobile,0
CUST-1295,18,9,85.79,4,5,0.19,Two-Year,Desktop,1
CUST-1296,65,34,50.23,36,2,0.28,One-Year,Mobile,0
CUST-1297,29,53,30.4,49,1,0.4,Month-to-Month,Mobile,0
CUST-1298,22,44,120.97,35,1,0.21,Month-to-Month,Desktop,1
CUST-1299,54,35,35.86,27,3,0.12,Month-to-Month,Desktop,1
CUST-1300,49,52,97.26,37,2,0.5,Month-to-Month,Mobile,1
CUST-1301,26,58,141.74,39,1,0.48,Two-Year,Desktop,1
CUST-1302,58,22,133.89,19,2,0.42,Month-to-Month,Tablet,1
CUST-1303,52,44,56.11,38,2,0.34,Month-to-Month,Desktop,1
CUST-1304,36,24,130.69,23,0,0.15,Two-Year,Tablet,1
CUST-1305,65,17,20.04,19,1,0.46,Month-to-Month,Desktop,1
CUST-1306,33,10,22.3,12,2,0.14,One-Year,Desktop,1
CUST-1307,20,30,98.33,26,1,0.4,Month-to-Month,Desktop,1
CUST-1308,37,56,67.42,47,2,0.46,One-Year,Mobile,0
CUST-1309,41,59,70.24,49,0,0.3,Month-to-Month,Mobile,0
CUST-1310,50,46,93.38,37,1,0.4,One-Year,Desktop,1
CUST-1311,41,23,44.93,29,1,0.4,Month-to-Month,Desktop,0
CUST-1312,69,32,47.53,24,3,0.1,Month-to-Month,Mobile,1
CUST-1313,28,17,83.0,20,1,0.33,One-Year,Mobile,1
CUST-1314,66,50,118.05,50,1,0.05,Month-to-Month,Mobile,1
CUST-1315,25,51,100.53,41,0,0.25,One-Year,Desktop,0
CUST-1316,53,17,58.66,17,2,0.08,Month-to-Month,Mobile,1
CUST-1317,55,14,75.94,14,0,0.21,Month-to-Month,Mobile,1
CUST-1318,57,9,42.19,10,3,0.42,One-Year,Tablet,1
CUST-1319,37,40,29.7,34,0,0.49,One-Year,Mobile,0
CUST-1320,52,2,121.75,4,1,0.16,Two-Year,Desktop,1
CUST-1321,65,45,54.5,36,2,0.27,One-Year,Desktop,0
CUST-1322,42,25,43.11,18,4,0.26,Month-to-Month,Mobile,1
CUST-1323,52,39,109.91,27,1,0.48,Two-Year,Mobile,1
CUST-1324,42,9,100.35,11,4,0.24,Month-to-Month,Tablet,1
CUST-1325,46,54,102.31,45,0,0.35,Month-to-Month,Mobile,1
CUST-1326,35,22,49.76,28,1,0.46,Month-to-Month,Mobile,0
CUST-1327,63,43,50.24,40,2,0.19,Month-to-Month,Desktop,1
CUST-1328,35,46,48.7,42,0,0.45,One-Year,Desktop,0
CUST-1329,19,4,42.59,3,1,0.46,Month-to-Month,Desktop,0
CUST-1330,52,26,105.24,22,3,0.47,One-Year,Desktop,1
CUST-1331,33,58,130.24,39,0,0.14,Month-to-Month,Mobile,1
CUST-1332,58,29,114.16,22,1,0.2,Month-to-Month,Desktop,1
CUST-1333,53,45,122.97,44,1,0.44,Month-to-Month,Desktop,1
CUST-1334,50,34,72.62,24,3,0.18,One-Year,Desktop,1
CUST-1335,21,23,105.03,20,1,0.3,Month-to-Month,Desktop,1
CUST-1336,50,37,66.05,41,1,0.06,Two-Year,Desktop,0
CUST-1337,31,11,88.32,16,4,0.03,Month-to-Month,Mobile,1
CUST-1338,38,6,82.61,5,1,0.21,Month-to-Month,Desktop,1
CUST-1339,65,18,43.0,17,3,0.29,One-Year,Mobile,1
CUST-1340,37,21,70.32,17,0,0.2,Two-Year,Mobile,1
CUST-1341,25,42,145.3,40,1,0.29,Month-to-Month,Tablet,1
CUST-1342,24,36,52.32,22,1,0.26,One-Year,Desktop,0
CUST-1343,20,41,37.39,33,3,0.34,Two-Year,Desktop,1
CUST-1344,34,38,74.42,29,1,0.32,Two-Year,Desktop,0
CUST-1345,50,34,122.74,31,1,0.21,One-Year,Mobile,1
CUST-1346,65,17,95.68,11,2,0.21,One-Year,Tablet,0
CUST-1347,29,37,108.53,34,2,0.07,Month-to-Month,Mobile,0
CUST-1348,68,25,44.66,22,1,0.26,Two-Year,Mobile,0
CUST-1349,39,38,100.46,42,3,0.29,Month-to-Month,Desktop,1
CUST-1350,39,58,62.06,47,1,0.24,Two-Year,Mobile,0
CUST-1351,63,12,128.46,12,3,0.16,Month-to-Month,Desktop,1
CUST-1352,47,23,101.81,19,2,0.36,Month-to-Month,Mobile,1
CUST-1353,55,53,45.85,40,1,0.04,One-Year,Mobile,0
CUST-1354,55,42,28.4,32,2,0.46,Month-to-Month,Desktop,0
CUST-1355,62,22,25.54,28,0,0.01,Month-to-Month,Desktop,1
CUST-1356,68,21,68.28,14,2,0.48,One-Year,Mobile,0
CUST-1357,25,27,54.56,20,4,0.23,One-Year,Desktop,1
CUST-1358,44,57,103.99,43,1,0.21,One-Year,Desktop,0
CUST-1359,44,31,84.91,26,1,0.13,Month-to-Month,Desktop,1
CUST-1360,51,6,54.58,1,2,0.01,One-Year,Desktop,0
CUST-1361,38,27,39.4,26,2,0.14,Month-to-Month,Mobile,1
CUST-1362,47,40,36.54,28,2,0.05,Month-to-Month,Mobile,0
CUST-1363,50,34,132.41,34,3,0.33,One-Year,Mobile,0
CUST-1364,45,12,51.65,16,2,0.16,Two-Year,Desktop,0
CUST-1365,64,45,104.72,42,0,0.38,Month-to-Month,Mobile,0
CUST-1366,50,57,125.39,45,0,0.1,Month-to-Month,Tablet,1
CUST-1367,22,53,99.83,40,0,0.45,Month-to-Month,Desktop,1
CUST-1368,65,7,131.74,9,3,0.26,Month-to-Month,Desktop,1
CUST-1369,36,10,71.01,6,2,0.06,Month-to-Month,Tablet,1
CUST-1370,21,45,144.31,40,2,0.2,Two-Year,Desktop,0
CUST-1371,52,17,37.31,14,1,0.1,Two-Year,Desktop,0
CUST-1372,66,26,33.28,12,1,0.1,One-Year,Desktop,1
CUST-1373,34,21,105.63,19,2,0.25,Month-to-Month,Desktop,1
CUST-1374,61,28,142.57,23,1,0.34,One-Year,Desktop,0
CUST-1375,45,58,125.15,63,3,0.46,Month-to-Month,Desktop,1
CUST-1376,47,46,29.93,34,3,0.25,Month-to-Month,Mobile,1
CUST-1377,46,2,56.32,1,2,0.48,Month-to-Month,Desktop,1
CUST-1378,63,54,140.94,42,1,0.47,One-Year,Mobile,0
CUST-1379,23,43,52.9,38,3,0.43,Two-Year,Desktop,0
CUST-1380,52,1,121.55,5,4,0.25,Month-to-Month,Tablet,1
CUST-1381,58,51,127.27,51,2,0.07,Month-to-Month,Tablet,1
CUST-1382,54,53,84.41,49,2,0.11,Month-to-Month,Mobile,0
CUST-1383,41,36,70.23,26,0,0.32,Two-Year,Tablet,0
CUST-1384,46,51,78.52,49,1,0.21,Month-to-Month,Mobile,0
CUST-1385,66,26,49.51,27,1,0.07,Month-to-Month,Tablet,1
CUST-1386,63,29,135.62,19,0,0.24,One-Year,Desktop,1
CUST-1387,48,21,78.58,20,0,0.01,Month-to-Month,Desktop,1
CUST-1388,52,11,134.72,13,0,0.37,Month-to-Month,Mobile,1
CUST-1389,50,40,33.74,27,0,0.04,Month-to-Month,Desktop,0
CUST-1390,69,11,148.48,11,2,0.31,One-Year,Mobile,1
CUST-1391,38,36,77.63,37,2,0.4,Month-to-Month,Tablet,0
CUST-1392,49,49,26.22,52,0,0.07,Two-Year,Desktop,0
CUST-1393,40,59,24.94,42,6,0.26,One-Year,Mobile,0
CUST-1394,50,39,117.01,34,2,0.39,Month-to-Month,Desktop,0
CUST-1395,20,40,105.67,39,0,0.13,Month-to-Month,Desktop,1
CUST-1396,35,35,124.28,25,3,0.08,Month-to-Month,Mobile,1
CUST-1397,42,54,33.7,49,3,0.17,Month-to-Month,Desktop,0
CUST-1398,59,34,24.62,28,1,0.28,Two-Year,Mobile,0
CUST-1399,48,55,86.12,59,1,0.29,Two-Year,Mobile,0
CUST-1400,20,47,70.39,35,1,0.07,Month-to-Month,Desktop,1
CUST-1401,57,24,80.05,23,1,0.23,Month-to-Month,Mobile,1
CUST-1402,63,54,148.91,57,0,0.13,Month-to-Month,Mobile,1
CUST-1403,41,22,146.2,16,2,0.42,Month-to-Month,Desktop,1
CUST-1404,67,5,142.5,5,0,0.16,One-Year,Desktop,1
CUST-1405,49,56,121.9,31,3,0.42,Month-to-Month,Tablet,1
CUST-1406,64,33,66.13,27,2,0.21,Two-Year,Mobile,1
CUST-1407,39,58,73.58,67,2,0.36,Month-to-Month,Desktop,1
CUST-1408,40,36,91.45,35,3,0.26,One-Year,Desktop,0
CUST-1409,19,47,127.97,40,0,0.31,Two-Year,Mobile,1
CUST-1410,44,20,28.93,14,2,0.2,Month-to-Month,Mobile,1
CUST-1411,59,19,75.16,18,0,0.38,Month-to-Month,Desktop,1
CUST-1412,19,35,30.74,39,0,0.21,Month-to-Month,Mobile,0
CUST-1413,43,52,86.91,38,3,0.23,Month-to-Month,Mobile,1
CUST-1414,34,43,136.86,40,1,0.26,Two-Year,Mobile,1
CUST-1415,57,17,121.72,13,2,0.42,Two-Year,Desktop,0
CUST-1416,50,59,49.62,57,1,0.33,Two-Year,Mobile,0
CUST-1417,26,45,146.88,37,0,0.17,Two-Year,Desktop,0
CUST-1418,60,43,106.76,33,3,0.34,Month-to-Month,Tablet,1
CUST-1419,65,34,21.36,20,1,0.32,Two-Year,Mobile,0
CUST-1420,56,9,53.2,6,0,0.47,Two-Year,Mobile,0
CUST-1421,46,26,53.89,33,1,0.42,Month-to-Month,Mobile,0
CUST-1422,59,2,29.0,3,1,0.32,Month-to-Month,Desktop,1
CUST-1423,43,53,144.78,39,2,0.17,Month-to-Month,Tablet,0
CUST-1424,52,9,82.17,13,1,0.39,Month-to-Month,Desktop,0
CUST-1425,67,9,136.46,10,1,0.29,Month-to-Month,Mobile,1
CUST-1426,42,40,61.89,33,1,0.49,Two-Year,Desktop,0
CUST-1427,41,17,36.28,22,2,0.12,Two-Year,Desktop,0
CUST-1428,30,1,81.66,2,2,0.04,Month-to-Month,Mobile,1
CUST-1429,24,25,34.81,26,1,0.03,Month-to-Month,Mobile,0
CUST-1430,53,43,83.18,40,1,0.32,Two-Year,Mobile,0
CUST-1431,62,40,139.64,40,1,0.47,One-Year,Mobile,1
CUST-1432,37,42,87.7,29,3,0.0,Month-to-Month,Desktop,1
CUST-1433,18,25,100.14,14,3,0.36,One-Year,Tablet,1
CUST-1434,25,39,40.36,30,1,0.33,Two-Year,Desktop,0
CUST-1435,63,35,25.69,26,2,0.37,Two-Year,Mobile,0
CUST-1436,33,3,34.41,2,0,0.18,Month-to-Month,Mobile,0
CUST-1437,31,50,97.81,40,3,0.41,Month-to-Month,Desktop,1
CUST-1438,29,37,32.35,28,0,0.02,Two-Year,Desktop,0
CUST-1439,68,44,68.88,41,0,0.38,Month-to-Month,Desktop,0
CUST-1440,40,44,91.51,38,1,0.13,One-Year,Desktop,0
CUST-1441,32,51,70.52,30,1,0.24,Month-to-Month,Desktop,1
CUST-1442,45,30,41.28,27,2,0.41,Month-to-Month,Desktop,1
CUST-1443,51,38,55.59,25,2,0.14,Month-to-Month,Desktop,0
CUST-1444,19,34,140.68,24,0,0.09,Month-to-Month,Mobile,1
CUST-1445,49,12,107.88,11,0,0.34,Two-Year,Mobile,1
CUST-1446,40,19,84.49,13,1,0.27,Month-to-Month,Desktop,1
CUST-1447,39,37,21.65,27,1,0.26,Two-Year,Desktop,0
CUST-1448,68,44,149.01,27,2,0.13,Two-Year,Desktop,0
CUST-1449,42,59,107.29,34,0,0.02,Month-to-Month,Mobile,1
CUST-1450,39,59,61.2,45,0,0.21,One-Year,Mobile,1
CUST-1451,39,49,134.3,38,2,0.05,Month-to-Month,Mobile,1
CUST-1452,66,17,53.6,18,1,0.45,One-Year,Mobile,0
CUST-1453,69,10,90.72,12,2,0.02,One-Year,Mobile,1
CUST-1454,59,57,102.69,41,0,0.22,Month-to-Month,Mobile,0
CUST-1455,23,55,48.74,42,2,0.03,Month-to-Month,Desktop,0
CUST-1456,32,49,147.19,42,0,0.05,One-Year,Mobile,0
CUST-1457,60,47,117.26,37,3,0.33,Two-Year,Tablet,1
CUST-1458,54,12,92.52,7,1,0.32,Month-to-Month,Mobile,0
CUST-1459,50,16,43.48,19,0,0.02,One-Year,Mobile,1
CUST-1460,25,24,27.0,19,5,0.0,Month-to-Month,Desktop,1
CUST-1461,61,19,61.61,15,2,0.04,Two-Year,Tablet,1
CUST-1462,61,8,117.91,7,1,0.38,Month-to-Month,Desktop,1
CUST-1463,22,31,55.01,19,3,0.29,One-Year,Desktop,1
CUST-1464,56,21,90.14,21,0,0.02,Month-to-Month,Desktop,1
CUST-1465,21,17,114.63,9,3,0.24,One-Year,Tablet,0
CUST-1466,23,23,34.03,20,3,0.36,Two-Year,Tablet,1
CUST-1467,62,37,109.09,24,5,0.43,One-Year,Tablet,1
CUST-1468,49,54,31.94,42,1,0.47,One-Year,Mobile,0
CUST-1469,69,16,145.47,15,1,0.16,Month-to-Month,Mobile,1
CUST-1470,47,6,83.49,8,3,0.07,Two-Year,Tablet,0
CUST-1471,64,8,39.59,6,1,0.12,One-Year,Tablet,1
CUST-1472,52,25,64.51,22,0,0.39,Two-Year,Mobile,0
CUST-1473,57,18,73.74,12,0,0.49,Month-to-Month,Desktop,1
CUST-1474,69,25,118.56,26,1,0.23,Month-to-Month,Mobile,1
CUST-1475,33,12,116.65,13,1,0.15,Month-to-Month,Tablet,1
CUST-1476,30,15,99.55,6,7,0.21,Month-to-Month,Tablet,1
CUST-1477,67,59,33.77,40,1,0.15,Month-to-Month,Tablet,0
CUST-1478,59,26,39.7,27,4,0.13,Two-Year,Tablet,1
CUST-1479,47,41,32.19,27,2,0.3,One-Year,Tablet,1
CUST-1480,36,45,95.03,37,1,0.01,Two-Year,Mobile,0
CUST-1481,34,26,134.03,20,1,0.13,Month-to-Month,Mobile,0
CUST-1482,36,47,76.39,42,2,0.33,Month-to-Month,Desktop,0
CUST-1483,45,32,40.91,30,1,0.02,Two-Year,Mobile,0
CUST-1484,43,10,92.55,6,3,0.04,Month-to-Month,Mobile,1
CUST-1485,54,16,125.53,11,3,0.15,Month-to-Month,Tablet,1
CUST-1486,43,7,116.42,6,6,0.44,Two-Year,Mobile,1
CUST-1487,40,17,134.59,19,2,0.38,Month-to-Month,Desktop,1
CUST-1488,26,23,56.13,24,2,0.01,Month-to-Month,Desktop,1
CUST-1489,29,26,45.21,25,2,0.25,Two-Year,Mobile,0
CUST-1490,18,21,134.38,17,0,0.14,Month-to-Month,Mobile,1
CUST-1491,18,22,105.48,21,2,0.32,Two-Year,Desktop,0
CUST-1492,64,58,60.42,49,3,0.36,Month-to-Month,Desktop,1
CUST-1493,51,7,116.51,13,2,0.43,One-Year,Mobile,1
CUST-1494,49,14,125.97,10,2,0.24,Month-to-Month,Desktop,1
CUST-1495,65,15,99.95,8,3,0.5,One-Year,Desktop,1
CUST-1496,42,53,109.42,41,1,0.49,Month-to-Month,Desktop,1
CUST-1497,57,7,68.78,6,1,0.44,Two-Year,Mobile,1
CUST-1498,62,9,90.03,10,2,0.29,Month-to-Month,Mobile,1
CUST-1499,18,51,88.14,39,1,0.2,Month-to-Month,Desktop,0
CUST-1500,33,48,130.25,33,1,0.18,One-Year,Tablet,1
CUST-1501,56,8,129.2,13,2,0.01,Month-to-Month,Desktop,1
CUST-1502,22,50,128.25,40,1,0.12,Month-to-Month,Desktop,1
CUST-1503,39,59,21.43,48,3,0.36,Month-to-Month,Desktop,1
CUST-1504,46,23,117.44,20,1,0.3,Month-to-Month,Desktop,1
CUST-1505,20,29,118.63,25,3,0.46,Month-to-Month,Desktop,1
CUST-1506,29,18,108.19,17,2,0.03,Month-to-Month,Desktop,1
CUST-1507,43,31,118.31,25,2,0.08,Month-to-Month,Mobile,1
CUST-1508,33,30,129.46,29,0,0.39,One-Year,Mobile,0
CUST-1509,68,52,81.14,45,2,0.18,Month-to-Month,Mobile,1
CUST-1510,54,39,85.27,39,1,0.06,Month-to-Month,Mobile,0
CUST-1511,39,35,36.21,35,5,0.5,Two-Year,Desktop,0
CUST-1512,46,18,70.1,20,2,0.39,Two-Year,Tablet,1
CUST-1513,31,59,103.64,49,3,0.2,Month-to-Month,Desktop,1
CUST-1514,45,42,121.45,30,5,0.41,Month-to-Month,Mobile,1
CUST-1515,22,39,48.24,34,3,0.34,Two-Year,Desktop,0
CUST-1516,64,17,37.92,13,1,0.39,Month-to-Month,Tablet,0
CUST-1517,66,14,106.2,11,2,0.41,Month-to-Month,Mobile,1
CUST-1518,47,31,20.24,29,1,0.04,Month-to-Month,Desktop,1
CUST-1519,63,24,43.19,12,2,0.31,One-Year,Mobile,1
CUST-1520,69,35,23.78,30,1,0.0,Month-to-Month,Desktop,1
CUST-1521,22,44,41.7,35,1,0.02,One-Year,Mobile,0
CUST-1522,29,45,43.57,41,1,0.45,One-Year,Mobile,0
CUST-1523,33,34,70.4,34,5,0.26,Month-to-Month,Desktop,1
CUST-1524,43,3,72.3,11,0,0.37,Two-Year,Desktop,0
CUST-1525,43,37,133.65,29,3,0.42,Month-to-Month,Desktop,1
CUST-1526,65,43,86.31,42,1,0.47,One-Year,Mobile,0
CUST-1527,38,40,114.04,35,2,0.43,Month-to-Month,Desktop,1
CUST-1528,56,26,33.54,28,3,0.24,Month-to-Month,Mobile,1
CUST-1529,53,55,49.31,34,4,0.17,Month-to-Month,Tablet,1
CUST-1530,50,23,111.38,11,0,0.08,Month-to-Month,Desktop,1
CUST-1531,47,44,26.86,28,1,0.2,Month-to-Month,Tablet,0
CUST-1532,54,39,83.26,35,3,0.18,Month-to-Month,Mobile,1
CUST-1533,40,15,97.92,13,1,0.28,Month-to-Month,Desktop,1
CUST-1534,27,56,98.28,45,0,0.33,One-Year,Desktop,0
CUST-1535,22,49,22.98,33,3,0.49,Month-to-Month,Mobile,1
CUST-1536,53,4,61.87,3,0,0.36,One-Year,Desktop,1
CUST-1537,51,29,102.74,32,3,0.32,Month-to-Month,Desktop,1
CUST-1538,69,22,39.37,14,2,0.17,Month-to-Month,Desktop,1
CUST-1539,48,25,110.4,25,2,0.02,Month-to-Month,Mobile,1
CUST-1540,27,13,116.97,7,3,0.14,Month-to-Month,Mobile,1
CUST-1541,36,18,147.66,13,1,0.38,One-Year,Mobile,1
CUST-1542,49,33,47.28,29,3,0.1,Month-to-Month,Desktop,1
CUST-1543,18,16,127.27,16,0,0.36,Two-Year,Mobile,1
CUST-1544,22,45,87.64,39,2,0.29,Two-Year,Tablet,0
CUST-1545,62,42,68.55,33,3,0.09,Month-to-Month,Desktop,1
CUST-1546,21,44,35.91,38,1,0.13,One-Year,Desktop,0
CUST-1547,33,2,115.62,3,0,0.25,Month-to-Month,Tablet,1
CUST-1548,41,55,50.66,43,3,0.21,Month-to-Month,Mobile,0
CUST-1549,33,35,68.28,24,0,0.39,One-Year,Mobile,0
CUST-1550,19,42,28.13,32,1,0.37,Month-to-Month,Tablet,0
CUST-1551,66,34,124.18,31,0,0.29,Month-to-Month,Mobile,0
CUST-1552,45,30,119.66,25,1,0.41,Month-to-Month,Desktop,1
CUST-1553,49,59,115.37,60,1,0.28,Month-to-Month,Mobile,1
CUST-1554,44,55,58.93,52,0,0.48,Month-to-Month,Mobile,1
CUST-1555,37,13,42.55,11,0,0.11,Month-to-Month,Tablet,1
CUST-1556,41,13,102.88,13,1,0.36,Month-to-Month,Desktop,1
CUST-1557,29,18,84.5,18,1,0.18,Month-to-Month,Mobile,1
CUST-1558,67,32,43.17,20,1,0.14,One-Year,Mobile,0
CUST-1559,52,32,109.17,22,0,0.09,Month-to-Month,Desktop,1
CUST-1560,50,35,148.85,36,2,0.28,One-Year,Desktop,1
CUST-1561,50,59,117.14,48,2,0.11,One-Year,Tablet,1
CUST-1562,68,39,116.2,29,1,0.1,One-Year,Desktop,1
CUST-1563,60,46,143.54,27,2,0.5,One-Year,Mobile,1
CUST-1564,54,52,46.38,56,3,0.4,Month-to-Month,Tablet,1
CUST-1565,29,29,93.52,24,1,0.37,Month-to-Month,Desktop,0
CUST-1566,20,49,147.35,36,1,0.4,Month-to-Month,Tablet,1
CUST-1567,18,29,41.49,19,3,0.48,Two-Year,Mobile,0
CUST-1568,50,53,111.03,40,0,0.29,One-Year,Mobile,1
CUST-1569,57,44,96.16,38,0,0.11,Month-to-Month,Desktop,1
CUST-1570,27,57,96.24,50,1,0.43,Month-to-Month,Tablet,1
CUST-1571,60,16,110.7,10,3,0.37,Two-Year,Desktop,0
CUST-1572,61,56,140.85,41,3,0.21,Month-to-Month,Desktop,1
CUST-1573,46,44,121.74,35,1,0.24,Month-to-Month,Desktop,1
CUST-1574,30,47,27.3,35,0,0.21,Month-to-Month,Desktop,0
CUST-1575,29,57,130.85,47,5,0.46,Two-Year,Mobile,0
CUST-1576,48,10,49.32,7,2,0.17,Month-to-Month,Tablet,1
CUST-1577,63,30,69.0,19,2,0.48,Month-to-Month,Tablet,1
CUST-1578,19,25,80.03,29,1,0.46,One-Year,Desktop,1
CUST-1579,68,39,82.52,32,3,0.32,Month-to-Month,Desktop,1
CUST-1580,67,20,76.57,19,2,0.29,Two-Year,Mobile,0
CUST-1581,52,5,141.86,7,1,0.19,Month-to-Month,Desktop,1
CUST-1582,40,1,111.78,2,1,0.01,Month-to-Month,Mobile,1
CUST-1583,34,30,102.05,35,3,0.06,Two-Year,Tablet,0
CUST-1584,43,49,26.48,37,2,0.38,Two-Year,Tablet,0
CUST-1585,25,3,137.51,1,1,0.24,Month-to-Month,Desktop,1
CUST-1586,46,45,138.22,35,0,0.07,Month-to-Month,Mobile,1
CUST-1587,43,14,121.43,12,2,0.13,Two-Year,Desktop,1
CUST-1588,27,56,20.91,48,1,0.47,Month-to-Month,Desktop,1
CUST-1589,43,30,27.45,39,2,0.18,Two-Year,Mobile,1
CUST-1590,51,50,49.28,42,2,0.45,Two-Year,Tablet,1
CUST-1591,68,4,37.08,3,2,0.15,Month-to-Month,Tablet,1
CUST-1592,58,18,71.85,10,2,0.27,Two-Year,Tablet,1
CUST-1593,24,37,139.94,37,1,0.01,Month-to-Month,Tablet,0
CUST-1594,21,25,81.37,24,3,0.26,One-Year,Desktop,0
CUST-1595,67,48,21.74,48,4,0.32,Month-to-Month,Mobile,0
CUST-1596,62,1,56.76,7,2,0.12,Two-Year,Desktop,1
CUST-1597,28,53,25.8,38,1,0.29,One-Year,Desktop,0
CUST-1598,46,46,24.72,34,1,0.32,One-Year,Mobile,1
CUST-1599,53,15,55.84,12,1,0.34,Two-Year,Mobile,0
CUST-1600,42,9,55.83,9,2,0.39,Month-to-Month,Mobile,1
CUST-1601,38,15,122.33,15,3,0.16,Month-to-Month,Desktop,0
CUST-1602,53,49,146.73,46,1,0.28,Two-Year,Desktop,0
CUST-1603,27,57,68.26,46,0,0.49,One-Year,Desktop,0
CUST-1604,54,24,75.76,20,2,0.45,Two-Year,Desktop,1
CUST-1605,26,4,129.82,7,1,0.48,Two-Year,Desktop,0
CUST-1606,41,12,54.86,8,1,0.19,Month-to-Month,Mobile,1
CUST-1607,52,59,40.33,43,1,0.39,Month-to-Month,Mobile,1
CUST-1608,66,58,130.9,56,2,0.31,Month-to-Month,Desktop,1
CUST-1609,52,37,26.05,31,2,0.04,One-Year,Mobile,0
CUST-1610,65,37,100.56,35,2,0.41,Month-to-Month,Desktop,1
CUST-1611,53,43,93.06,41,0,0.34,One-Year,Tablet,0
CUST-1612,35,6,64.97,6,2,0.1,Month-to-Month,Desktop,1
CUST-1613,66,39,60.97,37,0,0.04,Month-to-Month,Mobile,0
CUST-1614,56,56,120.34,43,2,0.42,Month-to-Month,Tablet,0
CUST-1615,49,46,31.24,49,3,0.04,Month-to-Month,Tablet,1
CUST-1616,41,24,50.78,14,2,0.05,One-Year,Desktop,0
CUST-1617,40,11,115.22,6,1,0.21,Month-to-Month,Mobile,1
CUST-1618,49,13,91.28,13,1,0.07,Month-to-Month,Desktop,1
CUST-1619,54,34,36.64,27,1,0.46,Month-to-Month,Desktop,1
CUST-1620,29,25,134.68,18,2,0.24,One-Year,Desktop,0
CUST-1621,66,7,71.15,8,3,0.28,Two-Year,Tablet,1
CUST-1622,30,52,127.62,38,2,0.46,Month-to-Month,Tablet,1
CUST-1623,40,4,122.4,4,0,0.27,One-Year,Desktop,1
CUST-1624,42,59,101.18,51,4,0.18,Month-to-Month,Mobile,1
CUST-1625,52,8,84.28,7,1,0.4,Month-to-Month,Tablet,0
CUST-1626,58,20,147.34,16,2,0.22,One-Year,Mobile,1
CUST-1627,47,29,38.85,23,1,0.16,Month-to-Month,Desktop,1
CUST-1628,34,54,114.27,41,1,0.36,One-Year,Mobile,0
CUST-1629,66,53,44.85,39,1,0.4,Month-to-Month,Mobile,0
CUST-1630,37,51,63.97,44,3,0.4,Two-Year,Mobile,0
CUST-1631,65,45,60.13,41,3,0.49,Month-to-Month,Mobile,1
CUST-1632,42,46,143.11,33,2,0.39,One-Year,Desktop,1
CUST-1633,39,10,145.76,11,2,0.38,Two-Year,Desktop,0
CUST-1634,30,43,43.79,24,1,0.43,Month-to-Month,Desktop,0
CUST-1635,36,34,22.86,28,1,0.0,Month-to-Month,Desktop,0
CUST-1636,66,57,113.6,59,1,0.18,Month-to-Month,Mobile,1
CUST-1637,53,26,74.34,23,0,0.37,One-Year,Desktop,1
CUST-1638,29,41,31.55,46,3,0.3,Month-to-Month,Mobile,1
CUST-1639,58,49,108.89,47,1,0.09,Month-to-Month,Desktop,1
CUST-1640,36,58,90.86,46,3,0.15,One-Year,Mobile,1
CUST-1641,29,3,147.47,3,2,0.17,Month-to-Month,Tablet,1
CUST-1642,26,56,49.56,32,0,0.28,One-Year,Mobile,0
CUST-1643,24,6,72.52,7,5,0.42,Month-to-Month,Tablet,1
CUST-1644,45,5,90.53,2,0,0.47,Month-to-Month,Mobile,1
CUST-1645,31,5,122.92,10,0,0.38,One-Year,Desktop,1
CUST-1646,48,54,91.35,40,6,0.42,One-Year,Tablet,1
CUST-1647,69,47,99.68,29,2,0.24,Month-to-Month,Tablet,1
CUST-1648,36,23,49.4,20,2,0.19,Month-to-Month,Tablet,1
CUST-1649,64,49,130.1,47,0,0.2,Month-to-Month,Mobile,1
CUST-1650,33,9,75.72,7,3,0.31,Month-to-Month,Mobile,1
CUST-1651,22,35,38.32,27,0,0.06,Month-to-Month,Desktop,1
CUST-1652,52,20,106.34,13,1,0.29,Month-to-Month,Mobile,0
CUST-1653,29,58,48.09,47,0,0.33,One-Year,Desktop,0
CUST-1654,42,49,32.68,45,2,0.22,One-Year,Desktop,0
CUST-1655,69,59,132.06,45,0,0.48,Month-to-Month,Mobile,1
CUST-1656,38,42,79.82,37,1,0.3,Month-to-Month,Mobile,1
CUST-1657,53,35,117.41,32,2,0.11,Month-to-Month,Desktop,1
CUST-1658,40,50,57.78,45,1,0.24,Month-to-Month,Mobile,1
CUST-1659,33,18,122.31,13,2,0.34,Two-Year,Tablet,1
CUST-1660,56,17,34.55,12,1,0.16,One-Year,Mobile,0
CUST-1661,62,24,66.28,24,3,0.04,One-Year,Mobile,0
CUST-1662,59,3,147.15,8,2,0.29,Two-Year,Tablet,0
CUST-1663,56,32,123.22,27,1,0.47,Month-to-Month,Desktop,0
CUST-1664,31,35,84.64,40,2,0.24,Month-to-Month,Mobile,1
CUST-1665,48,38,64.17,29,1,0.45,One-Year,Desktop,0
CUST-1666,22,13,133.38,14,1,0.42,Month-to-Month,Desktop,1
CUST-1667,52,56,90.83,43,1,0.07,One-Year,Mobile,0
CUST-1668,40,47,118.6,37,1,0.35,One-Year,Mobile,1
CUST-1669,46,25,118.03,18,3,0.22,One-Year,Desktop,1
CUST-1670,60,9,22.33,10,1,0.13,Month-to-Month,Desktop,1
CUST-1671,28,4,36.41,3,1,0.34,Month-to-Month,Mobile,1
CUST-1672,35,14,105.75,8,1,0.37,One-Year,Mobile,1
CUST-1673,64,37,41.01,21,1,0.09,Two-Year,Mobile,0
CUST-1674,29,34,53.21,29,2,0.46,One-Year,Desktop,1
CUST-1675,26,11,143.06,15,0,0.38,Two-Year,Mobile,0
CUST-1676,27,41,92.82,34,0,0.47,Month-to-Month,Desktop,1
CUST-1677,61,56,117.59,55,2,0.16,Month-to-Month,Desktop,0
CUST-1678,34,3,92.54,2,2,0.47,Month-to-Month,Mobile,1
CUST-1679,55,59,91.83,62,3,0.18,Month-to-Month,Mobile,1
CUST-1680,24,28,32.24,28,2,0.03,Two-Year,Desktop,0
CUST-1681,63,29,64.68,31,3,0.38,Two-Year,Desktop,1
CUST-1682,30,9,56.72,5,2,0.35,Month-to-Month,Mobile,1
CUST-1683,57,3,70.79,8,2,0.3,Month-to-Month,Desktop,1
CUST-1684,59,25,123.78,25,0,0.24,Month-to-Month,Desktop,0
CUST-1685,26,34,68.35,25,4,0.02,Two-Year,Desktop,1
CUST-1686,67,12,78.72,14,0,0.31,Month-to-Month,Desktop,1
CUST-1687,44,42,71.66,31,1,0.21,Month-to-Month,Desktop,0
CUST-1688,19,9,32.14,8,1,0.28,Month-to-Month,Tablet,0
CUST-1689,22,15,77.34,16,1,0.21,Month-to-Month,Mobile,1
CUST-1690,46,40,45.43,42,1,0.48,Two-Year,Mobile,0
CUST-1691,54,25,44.27,24,0,0.3,Month-to-Month,Mobile,0
CUST-1692,55,5,32.22,5,1,0.37,Month-to-Month,Mobile,1
CUST-1693,36,11,66.37,10,0,0.47,Month-to-Month,Tablet,0
CUST-1694,25,59,118.47,44,1,0.3,Month-to-Month,Mobile,0
CUST-1695,65,34,55.94,36,1,0.01,One-Year,Desktop,1
CUST-1696,62,24,60.61,32,1,0.02,Month-to-Month,Mobile,0
CUST-1697,18,15,103.55,22,2,0.35,Month-to-Month,Desktop,1
CUST-1698,39,38,45.46,33,4,0.14,Two-Year,Mobile,0
CUST-1699,69,8,136.6,10,2,0.29,Month-to-Month,Mobile,1
CUST-1700,34,59,87.62,45,2,0.1,One-Year,Tablet,1
CUST-1701,24,5,78.19,5,1,0.14,Month-to-Month,Mobile,1
CUST-1702,42,48,92.52,46,1,0.25,Month-to-Month,Desktop,1
CUST-1703,62,26,41.58,29,0,0.49,One-Year,Desktop,0
CUST-1704,21,18,99.75,12,2,0.31,Two-Year,Desktop,0
CUST-1705,53,6,67.2,5,1,0.47,One-Year,Desktop,0
CUST-1706,23,37,136.63,38,1,0.48,Month-to-Month,Desktop,1
CUST-1707,48,48,41.95,40,5,0.1,Month-to-Month,Desktop,1
CUST-1708,36,13,85.92,20,0,0.16,Month-to-Month,Desktop,0
CUST-1709,61,28,97.75,24,2,0.38,Month-to-Month,Tablet,1
CUST-1710,56,5,24.34,7,1,0.43,One-Year,Desktop,1
CUST-1711,44,13,67.28,11,1,0.26,Month-to-Month,Desktop,1
CUST-1712,27,17,115.24,12,2,0.5,Month-to-Month,Desktop,1
CUST-1713,43,50,126.65,57,5,0.01,One-Year,Mobile,1
CUST-1714,36,40,60.71,38,1,0.15,Month-to-Month,Desktop,0
CUST-1715,56,45,123.82,45,1,0.31,One-Year,Mobile,0
CUST-1716,20,32,145.81,31,0,0.23,Month-to-Month,Desktop,1
CUST-1717,62,29,131.39,31,2,0.06,Month-to-Month,Mobile,1
CUST-1718,30,51,35.29,45,2,0.18,Two-Year,Mobile,0
CUST-1719,67,58,116.16,48,1,0.01,Month-to-Month,Desktop,0
CUST-1720,45,3,61.56,10,3,0.32,Month-to-Month,Desktop,1
CUST-1721,37,56,148.49,59,1,0.45,One-Year,Mobile,1
CUST-1722,45,40,83.1,40,2,0.44,Two-Year,Mobile,0
CUST-1723,25,34,35.92,30,2,0.35,Two-Year,Mobile,1
CUST-1724,58,40,114.27,33,1,0.23,One-Year,Mobile,0
CUST-1725,56,27,61.99,26,0,0.26,Month-to-Month,Mobile,0
CUST-1726,18,13,149.62,19,1,0.07,Two-Year,Mobile,1
CUST-1727,20,45,147.37,38,3,0.17,One-Year,Desktop,1
CUST-1728,30,33,105.3,32,2,0.09,Month-to-Month,Desktop,1
CUST-1729,45,6,36.88,7,3,0.41,Two-Year,Mobile,0
CUST-1730,66,24,109.29,22,0,0.46,Month-to-Month,Tablet,1
CUST-1731,42,19,32.09,20,1,0.27,Month-to-Month,Tablet,0
CUST-1732,50,16,23.82,8,3,0.36,Two-Year,Tablet,0
CUST-1733,55,40,126.98,35,1,0.06,Month-to-Month,Mobile,1
CUST-1734,23,28,47.27,25,2,0.3,Month-to-Month,Mobile,1
CUST-1735,61,33,69.27,35,0,0.35,Month-to-Month,Mobile,0
CUST-1736,62,59,146.55,44,0,0.23,One-Year,Desktop,0
CUST-1737,49,59,63.79,46,2,0.12,Month-to-Month,Mobile,0
CUST-1738,62,48,58.54,42,1,0.44,Month-to-Month,Desktop,0
CUST-1739,64,41,139.37,39,2,0.37,One-Year,Desktop,1
CUST-1740,38,13,34.4,12,1,0.45,Two-Year,Mobile,0
CUST-1741,33,43,118.75,41,0,0.41,Month-to-Month,Mobile,0
CUST-1742,38,45,148.45,40,0,0.5,One-Year,Desktop,1
CUST-1743,28,25,137.17,29,1,0.1,One-Year,Desktop,0
CUST-1744,54,53,104.72,46,1,0.04,One-Year,Tablet,1
CUST-1745,53,42,60.83,23,3,0.17,Month-to-Month,Mobile,0
CUST-1746,52,36,53.06,31,1,0.06,Two-Year,Mobile,0
CUST-1747,36,27,126.5,30,1,0.26,Month-to-Month,Desktop,1
CUST-1748,37,38,134.38,32,2,0.32,Month-to-Month,Desktop,1
CUST-1749,35,7,88.31,9,7,0.29,Month-to-Month,Desktop,1
CUST-1750,64,5,51.76,7,1,0.13,One-Year,Mobile,0
CUST-1751,58,43,34.68,41,5,0.45,Month-to-Month,Mobile,1
CUST-1752,66,45,31.33,36,1,0.01,Month-to-Month,Desktop,1
CUST-1753,31,58,113.48,48,0,0.17,One-Year,Desktop,0
CUST-1754,32,57,74.62,47,3,0.36,Two-Year,Desktop,0
CUST-1755,48,51,137.7,37,0,0.38,One-Year,Mobile,0
CUST-1756,18,31,116.16,28,1,0.21,Month-to-Month,Desktop,1
CUST-1757,20,23,44.86,14,1,0.01,Month-to-Month,Mobile,1
CUST-1758,33,42,99.79,34,1,0.31,One-Year,Mobile,0
CUST-1759,40,10,76.62,13,1,0.03,Month-to-Month,Mobile,1
CUST-1760,28,32,95.04,41,0,0.05,One-Year,Mobile,0
CUST-1761,29,43,115.95,38,0,0.33,Month-to-Month,Desktop,0
CUST-1762,27,53,124.81,48,1,0.16,Two-Year,Mobile,0
CUST-1763,49,30,129.69,25,3,0.17,Month-to-Month,Mobile,1
CUST-1764,33,39,53.02,30,1,0.24,Month-to-Month,Desktop,1
CUST-1765,25,31,24.05,20,3,0.49,Two-Year,Mobile,0
CUST-1766,55,18,116.11,16,0,0.48,Month-to-Month,Tablet,1
CUST-1767,29,36,33.82,38,2,0.21,Month-to-Month,Desktop,0
CUST-1768,41,2,60.94,4,0,0.13,Two-Year,Mobile,1
CUST-1769,45,14,20.5,8,0,0.15,Month-to-Month,Mobile,1
CUST-1770,25,13,108.62,14,1,0.13,Month-to-Month,Mobile,1
CUST-1771,45,29,41.73,20,2,0.27,Month-to-Month,Mobile,0
CUST-1772,53,12,105.19,12,0,0.3,Month-to-Month,Desktop,1
CUST-1773,43,39,148.93,40,1,0.24,Month-to-Month,Desktop,0
CUST-1774,25,2,29.45,6,3,0.2,One-Year,Mobile,1
CUST-1775,67,32,30.02,21,2,0.11,One-Year,Mobile,0
CUST-1776,45,13,64.25,13,2,0.24,Month-to-Month,Tablet,1
CUST-1777,45,46,132.63,46,0,0.17,Month-to-Month,Desktop,1
CUST-1778,54,27,48.02,32,0,0.27,Two-Year,Mobile,0
CUST-1779,58,49,66.85,37,1,0.34,Two-Year,Desktop,1
CUST-1780,53,41,28.91,38,1,0.32,Month-to-Month,Desktop,0
CUST-1781,44,17,119.21,9,3,0.23,Two-Year,Desktop,0
CUST-1782,34,40,73.08,40,4,0.28,One-Year,Desktop,1
CUST-1783,26,31,118.7,26,1,0.14,Month-to-Month,Desktop,0
CUST-1784,50,34,137.47,23,5,0.01,Month-to-Month,Desktop,1
CUST-1785,37,24,50.26,22,0,0.31,Month-to-Month,Desktop,1
CUST-1786,30,45,124.96,29,2,0.13,Two-Year,Tablet,0
CUST-1787,45,35,27.68,24,0,0.33,One-Year,Mobile,0
CUST-1788,65,48,136.85,40,5,0.37,One-Year,Desktop,1
CUST-1789,46,6,104.6,6,5,0.46,Month-to-Month,Tablet,1
CUST-1790,30,19,133.65,21,0,0.48,One-Year,Mobile,0
CUST-1791,63,30,20.02,26,0,0.01,One-Year,Tablet,0
CUST-1792,52,7,41.98,7,0,0.5,Two-Year,Desktop,0
CUST-1793,23,10,70.67,8,0,0.34,Month-to-Month,Mobile,0
CUST-1794,35,41,69.34,20,0,0.32,One-Year,Tablet,0
CUST-1795,68,32,49.47,29,1,0.01,Month-to-Month,Desktop,1
CUST-1796,22,34,69.61,26,1,0.43,One-Year,Tablet,0
CUST-1797,64,28,36.75,22,4,0.07,One-Year,Mobile,1
CUST-1798,42,15,73.66,11,0,0.42,Month-to-Month,Tablet,1
CUST-1799,19,30,124.31,26,1,0.01,One-Year,Desktop,0
CUST-1800,27,37,82.28,36,2,0.32,Month-to-Month,Desktop,1
CUST-1801,47,29,22.34,31,0,0.22,Two-Year,Desktop,0
CUST-1802,67,22,74.79,16,1,0.1,Month-to-Month,Tablet,0
CUST-1803,62,4,23.53,8,1,0.05,One-Year,Desktop,1
CUST-1804,22,20,145.61,27,0,0.22,Two-Year,Mobile,0
CUST-1805,50,32,36.57,20,0,0.06,Month-to-Month,Desktop,0
CUST-1806,18,36,112.0,33,0,0.24,Month-to-Month,Desktop,1
CUST-1807,35,50,146.46,39,1,0.31,Month-to-Month,Desktop,1
CUST-1808,49,4,127.39,8,2,0.41,Month-to-Month,Mobile,1
CUST-1809,64,27,110.91,20,3,0.34,One-Year,Mobile,1
CUST-1810,66,17,129.13,20,2,0.03,One-Year,Desktop,1
CUST-1811,28,12,147.63,9,2,0.15,Two-Year,Tablet,1
CUST-1812,38,22,100.77,16,3,0.14,Two-Year,Mobile,0
CUST-1813,43,17,92.69,9,5,0.46,Month-to-Month,Mobile,1
CUST-1814,42,10,101.67,5,0,0.43,One-Year,Mobile,0
CUST-1815,39,54,89.25,46,2,0.19,Two-Year,Desktop,1
CUST-1816,44,1,102.56,1,2,0.04,Month-to-Month,Desktop,1
CUST-1817,66,22,78.48,16,1,0.45,Month-to-Month,Mobile,1
CUST-1818,30,26,48.4,16,0,0.44,Month-to-Month,Desktop,1
CUST-1819,50,56,35.63,58,1,0.43,Two-Year,Mobile,0
CUST-1820,51,59,28.88,50,1,0.42,One-Year,Desktop,0
CUST-1821,58,18,54.23,19,3,0.24,One-Year,Mobile,1
CUST-1822,52,50,26.0,40,1,0.09,Month-to-Month,Desktop,0
CUST-1823,18,14,93.73,11,4,0.24,Two-Year,Mobile,1
CUST-1824,38,47,56.9,44,0,0.25,Month-to-Month,Desktop,1
CUST-1825,65,29,127.19,19,1,0.24,One-Year,Tablet,1
CUST-1826,23,12,29.65,8,1,0.27,Month-to-Month,Desktop,1
CUST-1827,45,36,49.43,27,1,0.13,Month-to-Month,Mobile,0
CUST-1828,34,59,114.93,57,3,0.18,One-Year,Mobile,0
CUST-1829,22,35,97.85,33,2,0.22,Two-Year,Mobile,0
CUST-1830,48,52,28.38,39,0,0.07,Month-to-Month,Desktop,0
CUST-1831,22,12,134.04,7,1,0.23,Month-to-Month,Mobile,1
CUST-1832,55,7,134.04,10,5,0.41,Month-to-Month,Desktop,1
CUST-1833,20,29,62.95,30,0,0.41,Month-to-Month,Desktop,1
CUST-1834,40,11,64.25,9,2,0.21,Month-to-Month,Mobile,1
CUST-1835,54,33,148.57,28,3,0.26,One-Year,Mobile,1
CUST-1836,54,6,101.4,8,1,0.02,Two-Year,Mobile,1
CUST-1837,27,47,89.07,38,0,0.34,Month-to-Month,Tablet,1
CUST-1838,27,15,128.96,10,1,0.2,One-Year,Desktop,1
CUST-1839,36,32,57.09,24,1,0.22,Month-to-Month,Tablet,1
CUST-1840,34,51,75.79,37,1,0.44,Month-to-Month,Desktop,1
CUST-1841,38,11,54.81,10,1,0.23,Month-to-Month,Mobile,1
CUST-1842,31,58,122.59,51,2,0.01,One-Year,Mobile,0
CUST-1843,26,23,94.54,21,0,0.11,Month-to-Month,Mobile,0
CUST-1844,63,26,105.65,19,1,0.24,Month-to-Month,Desktop,1
CUST-1845,18,34,52.8,29,1,0.21,Month-to-Month,Mobile,1
CUST-1846,68,46,48.63,34,1,0.43,Month-to-Month,Desktop,0
CUST-1847,62,34,83.49,39,2,0.27,Month-to-Month,Desktop,1
CUST-1848,30,29,115.88,22,2,0.34,Two-Year,Desktop,0
CUST-1849,21,4,88.28,6,4,0.23,One-Year,Mobile,1
CUST-1850,18,17,24.24,14,1,0.22,Two-Year,Desktop,0
CUST-1851,66,35,132.91,20,3,0.22,Month-to-Month,Desktop,0
CUST-1852,57,13,28.41,13,2,0.21,Month-to-Month,Desktop,1
CUST-1853,49,41,144.26,46,1,0.27,Month-to-Month,Desktop,1
CUST-1854,51,39,23.27,39,1,0.13,Month-to-Month,Mobile,0
CUST-1855,45,15,110.28,17,0,0.45,One-Year,Tablet,0
CUST-1856,48,55,30.69,46,0,0.17,Month-to-Month,Desktop,0
CUST-1857,25,29,138.39,25,0,0.07,Month-to-Month,Mobile,0
CUST-1858,56,29,80.38,26,4,0.05,One-Year,Mobile,0
CUST-1859,43,11,37.88,9,0,0.01,Month-to-Month,Mobile,0
CUST-1860,51,52,64.31,49,1,0.21,Two-Year,Mobile,0
CUST-1861,20,32,41.43,26,0,0.09,Month-to-Month,Desktop,0
CUST-1862,67,2,42.18,1,1,0.01,One-Year,Mobile,0
CUST-1863,29,47,143.25,48,0,0.26,Month-to-Month,Desktop,0
CUST-1864,18,14,77.88,9,0,0.34,Two-Year,Desktop,1
CUST-1865,61,20,122.54,23,1,0.04,Month-to-Month,Mobile,1
CUST-1866,22,22,103.15,18,1,0.23,One-Year,Mobile,1
CUST-1867,47,11,107.94,12,4,0.37,Month-to-Month,Desktop,1
CUST-1868,47,27,37.12,24,1,0.49,One-Year,Mobile,0
CUST-1869,34,3,50.44,2,0,0.33,Month-to-Month,Mobile,0
CUST-1870,65,17,122.28,8,0,0.12,Month-to-Month,Mobile,0
CUST-1871,64,44,146.2,44,4,0.36,Two-Year,Mobile,0
CUST-1872,40,56,54.15,46,2,0.3,Two-Year,Mobile,0
CUST-1873,32,28,55.3,14,4,0.11,Month-to-Month,Mobile,1
CUST-1874,54,29,81.48,21,1,0.43,Two-Year,Desktop,0
CUST-1875,38,21,147.9,22,0,0.21,Month-to-Month,Desktop,1
CUST-1876,31,47,54.96,42,1,0.48,Two-Year,Desktop,0
CUST-1877,19,16,72.91,8,1,0.36,One-Year,Mobile,0
CUST-1878,28,37,135.89,30,0,0.32,Month-to-Month,Mobile,1
CUST-1879,68,59,20.38,48,3,0.36,Two-Year,Tablet,0
CUST-1880,56,20,25.17,19,2,0.24,Two-Year,Mobile,0
CUST-1881,55,6,98.53,10,3,0.25,Month-to-Month,Desktop,1
CUST-1882,51,19,137.96,25,1,0.43,One-Year,Desktop,0
CUST-1883,55,57,51.05,48,1,0.34,Month-to-Month,Desktop,0
CUST-1884,67,5,81.05,9,0,0.45,Two-Year,Mobile,0
CUST-1885,51,3,78.56,3,2,0.45,One-Year,Mobile,0
CUST-1886,35,59,81.49,49,2,0.49,Month-to-Month,Tablet,0
CUST-1887,47,1,100.93,2,2,0.35,One-Year,Mobile,1
CUST-1888,32,58,81.07,55,3,0.25,One-Year,Mobile,0
CUST-1889,44,38,78.17,44,3,0.08,One-Year,Mobile,0
CUST-1890,68,15,81.66,15,0,0.35,Month-to-Month,Tablet,0
CUST-1891,51,34,96.81,40,2,0.15,Month-to-Month,Mobile,0
CUST-1892,69,35,89.81,33,1,0.14,One-Year,Mobile,0
CUST-1893,55,49,131.04,57,3,0.12,Month-to-Month,Mobile,1
CUST-1894,50,25,26.43,29,2,0.44,Month-to-Month,Mobile,0
CUST-1895,41,24,128.33,11,1,0.43,One-Year,Desktop,1
CUST-1896,32,12,129.71,5,0,0.32,Month-to-Month,Desktop,1
CUST-1897,47,18,57.04,10,2,0.24,One-Year,Desktop,1
CUST-1898,59,15,80.17,8,0,0.34,One-Year,Mobile,1
CUST-1899,68,44,77.01,44,2,0.3,One-Year,Mobile,0
CUST-1900,34,16,48.41,21,1,0.21,Month-to-Month,Desktop,0
CUST-1901,22,27,71.58,20,1,0.19,Month-to-Month,Desktop,1
CUST-1902,46,8,25.77,8,0,0.19,Month-to-Month,Desktop,0
CUST-1903,21,46,56.12,32,1,0.29,Two-Year,Mobile,0
CUST-1904,27,25,126.17,22,0,0.32,Month-to-Month,Desktop,1
CUST-1905,34,17,56.99,9,1,0.23,Two-Year,Desktop,0
CUST-1906,27,29,126.37,27,3,0.48,One-Year,Desktop,1
CUST-1907,34,53,89.11,39,0,0.04,Two-Year,Desktop,0
CUST-1908,37,8,134.38,9,3,0.17,Month-to-Month,Mobile,1
CUST-1909,41,15,94.72,14,1,0.21,Month-to-Month,Desktop,1
CUST-1910,22,27,23.86,29,1,0.01,Two-Year,Mobile,0
CUST-1911,51,46,107.8,48,0,0.18,Month-to-Month,Mobile,0
CUST-1912,23,50,25.83,35,4,0.14,Month-to-Month,Tablet,0
CUST-1913,19,52,78.58,34,1,0.25,Month-to-Month,Desktop,1
CUST-1914,30,7,140.83,4,1,0.17,Two-Year,Desktop,1
CUST-1915,60,3,41.48,2,1,0.36,One-Year,Desktop,1
CUST-1916,60,29,70.68,29,2,0.25,One-Year,Desktop,0
CUST-1917,65,44,114.88,43,3,0.06,One-Year,Mobile,0
CUST-1918,28,53,134.69,47,1,0.38,Month-to-Month,Desktop,1
CUST-1919,68,24,107.22,20,5,0.05,One-Year,Desktop,1
CUST-1920,64,58,53.56,57,1,0.42,Month-to-Month,Tablet,1
CUST-1921,40,3,107.7,1,1,0.47,Two-Year,Mobile,0
CUST-1922,33,20,58.57,15,1,0.16,Month-to-Month,Desktop,0
CUST-1923,48,46,113.4,42,5,0.46,Month-to-Month,Desktop,1
CUST-1924,28,15,144.02,13,2,0.4,Month-to-Month,Desktop,1
CUST-1925,33,25,113.78,31,2,0.46,Month-to-Month,Tablet,1
CUST-1926,25,30,132.17,19,1,0.33,One-Year,Mobile,1
CUST-1927,21,14,20.27,13,2,0.12,Month-to-Month,Mobile,1
CUST-1928,57,7,113.28,7,4,0.45,Month-to-Month,Tablet,1
CUST-1929,21,17,127.85,16,1,0.09,Month-to-Month,Mobile,1
CUST-1930,42,44,25.27,36,3,0.11,One-Year,Desktop,0
CUST-1931,20,20,133.31,15,1,0.14,Month-to-Month,Desktop,1
CUST-1932,49,36,53.37,28,3,0.15,One-Year,Mobile,0
CUST-1933,20,9,106.49,5,0,0.26,Month-to-Month,Tablet,0
CUST-1934,44,38,124.05,27,1,0.36,Month-to-Month,Desktop,0
CUST-1935,46,48,106.15,35,0,0.46,Month-to-Month,Mobile,0
CUST-1936,49,57,32.0,56,0,0.04,Two-Year,Tablet,0
CUST-1937,67,22,97.52,14,2,0.48,One-Year,Desktop,1
CUST-1938,68,54,91.45,56,0,0.46,Month-to-Month,Tablet,0
CUST-1939,36,53,137.04,30,2,0.03,One-Year,Desktop,0
CUST-1940,38,53,72.55,46,5,0.18,Two-Year,Mobile,0
CUST-1941,22,2,61.74,4,2,0.41,Month-to-Month,Desktop,1
CUST-1942,35,24,117.48,18,1,0.31,Two-Year,Mobile,0
CUST-1943,45,8,73.65,7,1,0.39,Month-to-Month,Mobile,1
CUST-1944,59,11,103.99,17,1,0.36,Two-Year,Desktop,1
CUST-1945,39,13,104.04,14,1,0.25,Month-to-Month,Tablet,1
CUST-1946,38,17,135.45,15,1,0.02,Month-to-Month,Mobile,1
CUST-1947,23,8,97.83,9,2,0.29,Month-to-Month,Mobile,1
CUST-1948,18,21,85.28,19,1,0.02,Two-Year,Desktop,1
CUST-1949,22,18,38.05,13,5,0.3,One-Year,Tablet,1
CUST-1950,58,30,35.05,22,0,0.4,One-Year,Desktop,0
CUST-1951,29,18,40.06,10,3,0.29,Month-to-Month,Desktop,1
CUST-1952,43,46,42.34,39,2,0.5,Month-to-Month,Desktop,0
CUST-1953,63,47,102.92,35,0,0.23,Month-to-Month,Desktop,0
CUST-1954,51,31,116.33,19,2,0.37,Month-to-Month,Tablet,1
CUST-1955,66,38,88.9,32,5,0.33,Month-to-Month,Desktop,1
CUST-1956,31,32,127.77,30,1,0.5,Two-Year,Desktop,1
CUST-1957,43,11,148.86,16,2,0.36,One-Year,Mobile,1
CUST-1958,62,45,126.6,30,3,0.08,Month-to-Month,Mobile,1
CUST-1959,44,25,110.33,24,1,0.48,One-Year,Mobile,1
CUST-1960,26,33,89.22,30,0,0.33,Two-Year,Desktop,0
CUST-1961,43,38,78.35,31,1,0.03,One-Year,Mobile,0
CUST-1962,64,41,30.97,27,0,0.33,One-Year,Desktop,0
CUST-1963,39,8,71.92,14,1,0.44,Two-Year,Tablet,1
CUST-1964,64,11,138.32,8,1,0.29,One-Year,Mobile,1
CUST-1965,47,22,125.04,17,3,0.18,Month-to-Month,Mobile,1
CUST-1966,60,51,48.09,32,2,0.41,Month-to-Month,Desktop,0
CUST-1967,65,24,80.66,27,3,0.39,Two-Year,Desktop,0
CUST-1968,34,41,126.17,35,2,0.27,Month-to-Month,Desktop,1
CUST-1969,43,17,28.76,17,1,0.08,Month-to-Month,Desktop,1
CUST-1970,53,12,70.36,6,1,0.13,Month-to-Month,Desktop,1
CUST-1971,18,57,130.74,49,1,0.37,One-Year,Mobile,0
CUST-1972,25,46,72.51,47,0,0.4,Two-Year,Desktop,0
CUST-1973,66,32,30.09,24,0,0.14,Month-to-Month,Mobile,0
CUST-1974,52,15,90.53,21,1,0.18,Month-to-Month,Desktop,1
CUST-1975,69,16,132.03,18,3,0.04,Two-Year,Desktop,1
CUST-1976,32,54,96.74,41,2,0.36,Month-to-Month,Mobile,1
CUST-1977,64,22,49.42,17,0,0.0,Month-to-Month,Mobile,1
CUST-1978,39,28,69.95,17,1,0.02,Two-Year,Mobile,0
CUST-1979,31,20,78.52,13,2,0.0,Month-to-Month,Desktop,1
CUST-1980,43,33,95.3,28,0,0.32,Month-to-Month,Mobile,1
CUST-1981,45,10,118.72,12,1,0.21,One-Year,Desktop,1
CUST-1982,40,40,32.85,35,0,0.15,Month-to-Month,Desktop,0
CUST-1983,31,32,135.65,38,0,0.46,Two-Year,Mobile,0
CUST-1984,41,50,21.6,41,0,0.1,Month-to-Month,Desktop,0
CUST-1985,19,33,68.11,26,0,0.19,Month-to-Month,Desktop,0
CUST-1986,62,2,23.56,1,2,0.47,Month-to-Month,Tablet,1
CUST-1987,43,33,71.09,32,2,0.21,Month-to-Month,Mobile,0
CUST-1988,31,33,88.36,30,0,0.28,Two-Year,Desktop,0
CUST-1989,68,41,86.52,35,2,0.04,One-Year,Mobile,0
CUST-1990,24,13,41.53,14,2,0.4,Two-Year,Desktop,1
CUST-1991,20,30,103.95,21,0,0.21,Month-to-Month,Mobile,1
CUST-1992,64,33,25.82,40,2,0.4,One-Year,Mobile,0
CUST-1993,40,13,119.05,8,0,0.13,Month-to-Month,Desktop,1
CUST-1994,63,52,143.06,34,1,0.21,Two-Year,Desktop,1
CUST-1995,60,26,64.17,36,2,0.39,One-Year,Desktop,1
CUST-1996,64,22,87.24,16,0,0.49,Month-to-Month,Mobile,1
CUST-1997,62,39,69.26,37,1,0.03,Month-to-Month,Mobile,1
CUST-1998,35,2,20.87,6,0,0.41,Month-to-Month,Desktop,0
CUST-1999,55,38,70.16,22,2,0.15,One-Year,Desktop,1
CUST-2000,52,39,122.92,30,1,0.28,Two-Year,Desktop,1
CUST-2001,68,26,97.48,24,2,0.15,Month-to-Month,Desktop,1
CUST-2002,32,46,33.16,44,0,0.31,Month-to-Month,Desktop,0
CUST-2003,42,58,130.13,52,1,0.18,Month-to-Month,Mobile,1
CUST-2004,54,50,89.04,45,3,0.17,One-Year,Mobile,1
CUST-2005,45,15,129.42,22,1,0.02,Month-to-Month,Tablet,1
CUST-2006,27,34,95.43,24,2,0.07,Month-to-Month,Tablet,0
CUST-2007,56,42,92.76,41,2,0.46,Month-to-Month,Mobile,1
CUST-2008,34,55,33.68,48,1,0.5,One-Year,Mobile,0
CUST-2009,56,44,41.76,37,1,0.39,Month-to-Month,Tablet,0
CUST-2010,39,49,146.36,35,0,0.14,One-Year,Desktop,1
CUST-2011,43,40,49.7,39,0,0.2,Month-to-Month,Desktop,1
CUST-2012,61,11,147.07,16,0,0.37,Month-to-Month,Desktop,1
CUST-2013,42,3,89.15,6,3,0.48,Month-to-Month,Mobile,0
CUST-2014,34,59,37.65,48,2,0.23,Month-to-Month,Mobile,0
CUST-2015,30,6,32.91,8,3,0.41,Month-to-Month,Desktop,1
CUST-2016,37,9,47.15,8,1,0.49,Month-to-Month,Mobile,1
CUST-2017,42,6,140.33,7,1,0.44,One-Year,Mobile,1
CUST-2018,21,9,73.84,5,5,0.11,Month-to-Month,Desktop,1
CUST-2019,27,39,71.41,24,2,0.0,Month-to-Month,Desktop,1
CUST-2020,20,31,60.72,26,1,0.25,Two-Year,Desktop,0
CUST-2021,58,32,39.12,21,0,0.27,One-Year,Desktop,1
CUST-2022,62,41,83.42,32,2,0.1,One-Year,Mobile,1
CUST-2023,35,50,36.91,46,2,0.14,Two-Year,Mobile,0
CUST-2024,64,12,128.61,9,5,0.38,Month-to-Month,Mobile,1
CUST-2025,53,8,68.15,7,0,0.24,One-Year,Mobile,0
CUST-2026,64,8,68.72,8,0,0.16,Month-to-Month,Mobile,1
CUST-2027,39,50,81.62,35,1,0.31,Month-to-Month,Mobile,0
CUST-2028,51,28,77.74,22,0,0.33,Month-to-Month,Mobile,0
CUST-2029,64,20,149.33,20,1,0.38,Month-to-Month,Mobile,1
CUST-2030,25,47,90.9,39,2,0.08,Month-to-Month,Mobile,1
CUST-2031,57,59,31.47,42,1,0.37,Month-to-Month,Desktop,0
CUST-2032,66,7,98.89,5,2,0.3,Month-to-Month,Mobile,1
CUST-2033,61,11,39.71,10,0,0.03,Month-to-Month,Desktop,0
CUST-2034,36,20,24.02,14,1,0.39,Month-to-Month,Mobile,0
CUST-2035,59,16,146.2,18,1,0.19,Month-to-Month,Desktop,1
CUST-2036,58,4,120.56,5,2,0.17,Month-to-Month,Desktop,1
CUST-2037,54,6,147.41,5,0,0.22,Month-to-Month,Tablet,1
CUST-2038,23,58,82.12,49,1,0.17,One-Year,Desktop,0
CUST-2039,69,22,89.19,27,0,0.17,Month-to-Month,Desktop,0
CUST-2040,43,26,41.88,13,1,0.4,Two-Year,Desktop,0
CUST-2041,51,3,52.1,5,1,0.06,Two-Year,Mobile,0
CUST-2042,62,41,129.01,34,3,0.49,Month-to-Month,Mobile,0
CUST-2043,23,42,66.3,33,4,0.28,One-Year,Mobile,1
CUST-2044,54,14,127.49,13,0,0.09,Month-to-Month,Mobile,1
CUST-2045,50,11,112.17,12,2,0.07,Month-to-Month,Desktop,1
CUST-2046,39,18,43.03,21,0,0.3,Two-Year,Desktop,0
CUST-2047,38,54,85.97,43,2,0.32,Month-to-Month,Desktop,1
CUST-2048,23,12,108.06,15,0,0.03,Two-Year,Mobile,0
CUST-2049,23,23,50.55,17,0,0.12,One-Year,Mobile,0
CUST-2050,65,12,127.99,7,1,0.4,Month-to-Month,Desktop,1
CUST-2051,21,13,90.83,10,2,0.02,Month-to-Month,Desktop,1
CUST-2052,47,25,41.48,20,1,0.43,Month-to-Month,Desktop,1
CUST-2053,28,45,95.79,40,2,0.33,Month-to-Month,Mobile,1
CUST-2054,47,51,149.96,59,0,0.22,Month-to-Month,Desktop,1
CUST-2055,48,58,39.57,53,3,0.17,One-Year,Desktop,0
CUST-2056,41,19,126.18,15,1,0.01,Month-to-Month,Desktop,1
CUST-2057,26,55,46.95,49,3,0.41,Month-to-Month,Mobile,1
CUST-2058,20,46,121.71,39,1,0.07,Month-to-Month,Mobile,0
CUST-2059,68,36,115.5,35,2,0.15,Two-Year,Desktop,0
CUST-2060,48,45,59.06,36,5,0.28,Month-to-Month,Mobile,1
CUST-2061,57,8,62.36,6,0,0.12,Month-to-Month,Mobile,1
CUST-2062,54,29,123.03,26,2,0.25,Two-Year,Tablet,0
CUST-2063,53,55,79.99,50,2,0.4,Month-to-Month,Desktop,0
CUST-2064,41,53,115.01,55,0,0.24,Month-to-Month,Mobile,0
CUST-2065,48,55,39.24,46,3,0.47,Two-Year,Mobile,0
CUST-2066,23,32,130.83,21,1,0.42,One-Year,Desktop,1
CUST-2067,19,51,112.42,47,2,0.17,Month-to-Month,Mobile,1
CUST-2068,37,44,137.9,27,2,0.2,Month-to-Month,Desktop,1
CUST-2069,45,18,37.21,13,2,0.21,One-Year,Desktop,1
CUST-2070,28,6,97.09,9,3,0.31,Month-to-Month,Desktop,1
CUST-2071,21,18,97.89,14,0,0.14,Two-Year,Desktop,1
CUST-2072,32,19,65.95,17,3,0.48,Month-to-Month,Desktop,1
CUST-2073,23,22,79.6,14,0,0.3,Month-to-Month,Mobile,1
CUST-2074,66,37,24.94,29,0,0.2,Month-to-Month,Mobile,0
CUST-2075,47,32,116.96,31,1,0.32,One-Year,Mobile,1
CUST-2076,55,56,91.41,43,3,0.2,Two-Year,Desktop,0
CUST-2077,68,41,27.51,51,0,0.41,One-Year,Mobile,0
CUST-2078,19,59,108.5,38,0,0.28,Two-Year,Tablet,1
CUST-2079,32,3,80.68,1,3,0.02,Month-to-Month,Desktop,1
CUST-2080,28,28,24.48,20,1,0.09,Month-to-Month,Mobile,0
CUST-2081,25,10,146.05,16,3,0.43,Two-Year,Mobile,0
CUST-2082,43,51,143.38,33,2,0.28,Two-Year,Mobile,1
CUST-2083,68,35,86.68,27,1,0.48,Two-Year,Desktop,0
CUST-2084,62,29,32.18,27,3,0.04,One-Year,Desktop,1
CUST-2085,61,54,118.1,25,0,0.15,Month-to-Month,Mobile,1
CUST-2086,22,15,83.95,15,0,0.1,Month-to-Month,Tablet,1
CUST-2087,23,33,59.32,30,1,0.28,Two-Year,Desktop,0
CUST-2088,43,7,83.88,4,1,0.19,Month-to-Month,Tablet,1
CUST-2089,21,12,87.92,6,1,0.08,Month-to-Month,Desktop,0
CUST-2090,36,49,93.15,45,4,0.32,One-Year,Desktop,1
CUST-2091,37,30,77.36,21,1,0.27,Month-to-Month,Desktop,0
CUST-2092,50,21,98.75,15,2,0.14,Two-Year,Mobile,1
CUST-2093,37,31,139.44,42,2,0.24,Month-to-Month,Desktop,1
CUST-2094,66,58,67.09,62,2,0.37,One-Year,Desktop,0
CUST-2095,29,24,114.34,22,3,0.1,One-Year,Tablet,1
CUST-2096,64,20,136.28,29,2,0.15,One-Year,Tablet,1
CUST-2097,18,37,79.28,32,5,0.17,Month-to-Month,Desktop,1
CUST-2098,43,4,77.65,2,2,0.37,Month-to-Month,Desktop,1
CUST-2099,31,28,98.28,22,2,0.42,Month-to-Month,Mobile,1
CUST-2100,55,44,96.88,47,1,0.19,Month-to-Month,Mobile,0
CUST-2101,54,20,124.86,22,3,0.15,One-Year,Desktop,1
CUST-2102,28,24,81.94,15,0,0.44,Month-to-Month,Tablet,1
CUST-2103,53,50,149.5,36,5,0.5,Month-to-Month,Desktop,1
CUST-2104,30,49,27.73,48,4,0.34,Month-to-Month,Mobile,1
CUST-2105,60,51,20.41,51,1,0.49,One-Year,Desktop,0
CUST-2106,20,32,103.23,29,0,0.33,Month-to-Month,Mobile,1
CUST-2107,50,41,58.8,37,2,0.37,Two-Year,Desktop,0
CUST-2108,23,36,51.25,32,3,0.19,One-Year,Mobile,1
CUST-2109,67,58,60.55,28,2,0.22,One-Year,Tablet,0
CUST-2110,27,53,53.29,38,0,0.07,Two-Year,Mobile,0
CUST-2111,22,34,24.0,36,0,0.41,Month-to-Month,Mobile,0
CUST-2112,40,36,146.3,34,3,0.47,Two-Year,Desktop,1
CUST-2113,27,2,48.7,2,1,0.31,Month-to-Month,Tablet,1
CUST-2114,61,15,115.42,17,2,0.17,Two-Year,Tablet,0
CUST-2115,19,34,119.14,28,0,0.08,Two-Year,Mobile,1
CUST-2116,30,36,140.8,34,2,0.13,Month-to-Month,Mobile,1
CUST-2117,57,6,23.97,6,2,0.13,Month-to-Month,Tablet,0
CUST-2118,19,39,133.37,29,1,0.31,Month-to-Month,Desktop,1
CUST-2119,37,42,88.54,27,5,0.47,One-Year,Mobile,1
CUST-2120,18,51,102.23,51,2,0.02,Month-to-Month,Mobile,0
CUST-2121,54,51,103.78,31,2,0.0,Month-to-Month,Mobile,1
CUST-2122,26,58,126.57,48,2,0.3,Month-to-Month,Mobile,1
CUST-2123,34,54,63.34,42,3,0.14,Month-to-Month,Mobile,1
CUST-2124,26,12,115.3,12,1,0.44,Two-Year,Desktop,1
CUST-2125,28,3,88.72,3,0,0.16,One-Year,Desktop,1
CUST-2126,32,45,123.14,39,2,0.14,Month-to-Month,Desktop,1
CUST-2127,41,18,148.77,24,0,0.13,Month-to-Month,Mobile,1
CUST-2128,55,40,46.08,36,2,0.07,Month-to-Month,Desktop,1
CUST-2129,52,21,149.3,23,3,0.29,Month-to-Month,Desktop,1
CUST-2130,47,15,31.68,17,1,0.08,Two-Year,Mobile,0
CUST-2131,48,33,20.3,28,1,0.21,Month-to-Month,Tablet,1
CUST-2132,66,35,25.74,33,1,0.23,Month-to-Month,Tablet,0
CUST-2133,22,26,64.43,20,2,0.01,Two-Year,Tablet,1
CUST-2134,61,8,102.28,8,1,0.01,Two-Year,Mobile,0
CUST-2135,67,36,28.97,33,1,0.26,Month-to-Month,Desktop,0
CUST-2136,31,48,20.74,40,0,0.35,Month-to-Month,Tablet,1
CUST-2137,28,30,141.82,35,1,0.47,Month-to-Month,Desktop,1
CUST-2138,26,23,126.85,20,0,0.09,One-Year,Mobile,1
CUST-2139,51,42,125.19,39,3,0.05,Two-Year,Mobile,0
CUST-2140,29,44,134.98,44,2,0.03,Month-to-Month,Mobile,1
CUST-2141,52,14,111.0,9,0,0.22,Month-to-Month,Desktop,1
CUST-2142,52,14,33.57,10,0,0.31,Two-Year,Desktop,0
CUST-2143,18,2,71.88,2,0,0.42,One-Year,Mobile,0
CUST-2144,57,55,114.01,48,0,0.34,Two-Year,Desktop,0
CUST-2145,39,37,56.44,28,3,0.1,Month-to-Month,Tablet,1
CUST-2146,46,5,109.36,4,3,0.23,Month-to-Month,Mobile,1
CUST-2147,25,38,23.18,36,3,0.46,Month-to-Month,Mobile,1
CUST-2148,28,45,59.8,32,2,0.16,Month-to-Month,Tablet,1
CUST-2149,58,41,91.39,33,1,0.25,One-Year,Mobile,0
CUST-2150,54,54,102.17,54,1,0.48,Month-to-Month,Desktop,1
CUST-2151,31,47,95.02,44,2,0.37,Month-to-Month,Desktop,1
CUST-2152,47,14,110.71,14,0,0.37,Two-Year,Mobile,0
CUST-2153,52,56,20.79,40,3,0.13,Month-to-Month,Tablet,0
CUST-2154,38,39,33.12,35,2,0.21,One-Year,Mobile,1
CUST-2155,54,25,132.96,25,2,0.04,Month-to-Month,Tablet,1
CUST-2156,22,20,108.63,23,1,0.3,Two-Year,Desktop,0
CUST-2157,36,2,34.68,5,3,0.05,Month-to-Month,Desktop,1
CUST-2158,31,39,129.47,36,2,0.42,One-Year,Desktop,1
CUST-2159,43,6,51.49,9,2,0.41,Month-to-Month,Mobile,1
CUST-2160,21,17,82.17,8,1,0.27,Month-to-Month,Desktop,1
CUST-2161,42,59,38.88,42,0,0.07,One-Year,Desktop,0
CUST-2162,62,25,112.31,24,1,0.01,Month-to-Month,Mobile,0
CUST-2163,59,57,106.69,47,0,0.4,Month-to-Month,Desktop,0
CUST-2164,42,28,47.44,22,1,0.3,Two-Year,Mobile,0
CUST-2165,35,2,132.24,1,1,0.36,Two-Year,Mobile,1
CUST-2166,57,35,72.17,38,0,0.15,Month-to-Month,Desktop,0
CUST-2167,25,37,58.03,29,1,0.25,Month-to-Month,Desktop,1
CUST-2168,56,5,39.8,5,2,0.37,Month-to-Month,Tablet,1
CUST-2169,57,1,54.6,1,1,0.23,Month-to-Month,Desktop,0
CUST-2170,31,40,22.86,29,0,0.3,Two-Year,Desktop,0
CUST-2171,49,12,95.82,6,1,0.39,One-Year,Desktop,1
CUST-2172,68,56,129.49,50,3,0.11,Month-to-Month,Desktop,1
CUST-2173,55,36,91.37,40,0,0.03,Two-Year,Tablet,0
CUST-2174,50,45,48.51,53,2,0.27,One-Year,Desktop,0
CUST-2175,40,23,24.38,21,2,0.03,One-Year,Tablet,0
CUST-2176,32,47,47.9,39,2,0.38,Month-to-Month,Desktop,1
CUST-2177,50,31,74.1,32,0,0.36,Month-to-Month,Tablet,0
CUST-2178,42,11,118.75,6,4,0.44,One-Year,Mobile,1
CUST-2179,34,10,44.42,10,0,0.32,Month-to-Month,Mobile,0
CUST-2180,50,3,113.57,1,2,0.03,Month-to-Month,Mobile,1
CUST-2181,64,54,132.7,42,0,0.13,Month-to-Month,Desktop,1
CUST-2182,19,14,79.01,17,3,0.4,Month-to-Month,Mobile,1
CUST-2183,31,16,126.79,6,7,0.08,Month-to-Month,Desktop,1
CUST-2184,57,10,92.11,17,2,0.35,One-Year,Desktop,1
CUST-2185,57,29,102.82,23,3,0.39,Month-to-Month,Mobile,0
CUST-2186,68,10,88.42,10,2,0.17,Month-to-Month,Desktop,1
CUST-2187,56,12,80.21,12,0,0.16,One-Year,Mobile,0
CUST-2188,68,30,50.5,42,1,0.28,Month-to-Month,Desktop,0
CUST-2189,23,41,59.42,32,0,0.43,Month-to-Month,Mobile,0
CUST-2190,23,1,57.7,2,1,0.11,One-Year,Tablet,1
CUST-2191,20,5,93.23,5,1,0.47,Month-to-Month,Mobile,1
CUST-2192,24,20,35.59,19,0,0.3,One-Year,Mobile,0
CUST-2193,68,8,139.18,4,3,0.5,One-Year,Mobile,1
CUST-2194,25,43,113.69,47,1,0.04,Month-to-Month,Tablet,1
CUST-2195,59,12,72.19,11,3,0.06,Month-to-Month,Desktop,1
CUST-2196,69,1,40.62,3,3,0.41,Two-Year,Mobile,0
CUST-2197,32,57,134.66,56,1,0.43,Month-to-Month,Desktop,1
CUST-2198,64,54,127.09,49,3,0.22,Two-Year,Desktop,0
CUST-2199,46,20,113.82,17,2,0.36,One-Year,Desktop,1
